parable,book,source,source_interpretation,pos_A,pos_C,pos_RR,pos_V,pos_RP,pos_RA,pos_N,pos_RD,pos_P,pos_D,pos_A_C,pos_C_RR,pos_RR_V,pos_V_RP,pos_RP_RA,pos_RA_N,pos_N_RD,pos_RD_C,pos_C_V,pos_RP_V,pos_V_N,pos_N_A,pos_A_RR,pos_N_P,pos_P_RA,pos_N_C,pos_V_RA,pos_C_D,pos_D_V,pos_V_V,pos_V_C,pos_C_P,pos_C_A,pos_A_RA,pos_RA_V,pos_N_RP,pos_RP_A,person_3,person_3_3,tense_P,tense_F,tense_A,tense_Y,tense_I,tense_P_P,tense_P_F,tense_F_A,tense_A_A,tense_A_Y,tense_Y_P,tense_A_I,active_A,active_P,active_A_A,active_A_P,active_P_A,mode_I,mode_P,mode_I_I,mode_I_P,mode_P_P,mode_P_I,number_S,number_P,number_S_S,number_S_P,number_P_P,number_P_S,case_N,case_G,case_A,case_D,case_N_N,case_N_G,case_G_A,case_A_A,case_A_D,case_D_D,case_D_N,case_A_N,case_N_D,case_D_A,case_N_A,case_G_N,gender_M,gender_F,gender_M_M,gender_M_F,gender_F_F,gender_F_M,count_ἑαυτοῦ,count_ἄν,count_ἀλλ’,count_ἀλλά,count_ἄλλος,count_ἀπό,count_ἄρα,count_αὐτός,count_δ’,count_δέ,count_δή,count_διά,count_δαί,count_δαίς,count_ἔτι,count_ἐγώ,count_ἐκ,count_ἐμός,count_ἐν,count_ἐπί,count_εἰ,count_εἰς,count_γάρ,count_γε,count_γα^,count_ἡ,count_ἤ,count_καί,count_κατά,count_μέν,count_μετά,count_μή,count_ὁ,count_ὅδε,count_ὅσ,count_ὅς,count_ὅστις,count_ὅτι,count_οὕτως,count_οὗτος,count_οὔτε,count_οὖν,count_οὐδείς,count_οἱ,count_οὐ,count_οὐδέ,count_οὐκ,count_περί,count_πρός,count_σύ,count_σύν,count_τά,count_τε,count_τήν,count_τῆς,count_τῇ,count_τι,count_τί,count_τις,count_τίς,count_τό,count_τοί,count_τοιοῦτος,count_τόν,count_τούς,count_τοῦ,count_τῶν,count_τῷ,count_ὑμός,count_ὑπέρ,count_ὑπό,count_ὡς,count_ὦ,count_ὥςτε,count_ἐάν,count_παρά,count_σός,count_εὐθὺς,count_πάλιν,avg_word_length,unique_word_ratio,stop_words_ratio,is_dialog,capitalized_words,substring_comma,substring_dot,substring_median,substring_kai,avg_len_comma,avg_len_dot,avg_len_median,nbr_words,nominative_positions,verb_positions,pos_diversity,inflectional_complexity,verb_noun_ratio,adj_noun_agreement,pronoun_density,alternation_patterns,clause_complexity,head_dependent_ratio,subordination_complexity,content_word_ratio,repetition_intensity,adjective_before_noun,adjective_after_noun,case_distribution,tense_variation,clitic_density,enclitic_chains,aorist_imperfect_ratio,middle_voice_frequency,reflexive_constructions,noun_qualifier_noun,pos_RI,pos_RI_C,pos_C_RP,pos_N_N,pos_V_RR,pos_V_A,pos_V_P,pos_P_RP,pos_RP_C,pos_RP_RI,pos_RI_V,pos_A_A,pos_A_V,pos_N_V,pos_N_RR,pos_N_RA,pos_RP_P,pos_RA_D,pos_RA_C,pos_P_N,pos_RD_A,person_2,person_1,person_2_2,person_2_1,person_1_1,person_1_3,tense_X,tense_F_P,tense_P_A,tense_A_X,tense_X_A,tense_A_P,active_M,active_A_M,active_M_A,mode_N,mode_I_N,mode_N_N,mode_N_P,case_V,case_A_V,case_V_V,case_V_A,case_G_G,case_A_G,case_G_D,gender_N,gender_N_M,gender_M_N,gender_F_N,gender_N_F,gender_N_N,pos_X,pos_A_P,pos_C_RA,pos_A_N,pos_C_C,pos_D_X,pos_X_V,active_P_P,pos_RA_A,pos_C_N,tense_F_F,active_P_M,pos_V_RI,pos_D_A,pos_D_RA,tense_A_F,mode_S,mode_N_S,mode_S_I,mode_P_N,pos_RA_RP,pos_RP_N,pos_A_RP,pos_P_RR,tense_X_P,tense_P_Y,mode_P_S,pos_N_RI,pos_RI_RA,pos_A_D,pos_RR_RA,pos_RP_D,person_3_1,person_3_2,tense_I_I,tense_I_P,mode_N_I,pos_V_X,pos_RP_RR,pos_RR_C,pos_D_D,tense_I_A,mode_D,mode_P_D,pos_N_D,person_2_3,tense_P_I,mode_D_I,mode_N_D,pos_P_A,pos_A_RD,pos_RD_V,case_D_G,pos_RA_P,active_M_P,pos_RP_X,pos_N_X,pos_X_C,pos_V_D,pos_D_C,pos_C_RI,pos_RR_N,pos_RR_D,pos_D_RR,mode_I_S,mode_S_S,mode_I_D,pos_RR_X,pos_X_D,mode_S_D,pos_D_N,tense_P_X,pos_P_C,pos_X_A,person_1_2,mode_D_N,mode_D_D,case_D_V,pos_RR_RI,pos_RI_X,pos_RI_RD,pos_RD_RA,mode_D_S,mode_S_N,pos_RI_P,pos_RP_RD,pos_RD_D,pos_D_RP,pos_P_X,pos_X_RA,case_V_D,pos_RI_A,pos_V_RD,pos_D_P,active_M_M,case_G_V,case_N_V,pos_C_RD,pos_D_RD,tense_I_X,mode_S_P,pos_RR_A,pos_P_RI,pos_RI_RP,tense_X_I,pos_P_RD,pos_RD_N,tense_X_F,tense_F_I,pos_RI_N,pos_A_X,pos_RP_RP,pos_P_D,pos_X_RD,mode_O,mode_D_P,mode_I_O,mode_O_I,case_V_N,pos_A_RI,pos_RD_P,tense_Y_X,pos_C_X,pos_X_X,pos_RI_D,pos_X_N,tense_X_X,pos_RR_RD,pos_RD_RR,pos_RD_RD,pos_RA_RA,tense_I_F,pos_P_V,pos_X_RP,tense_Y_A,tense_F_Y,tense_F_X
The Wise and the Foolish Builders,Mt,Double,"['Double', 'Q (RHK)']",5.0,16.0,3.0,20.0,7.0,17.0,18.0,4.0,3.0,2.0,1.0,1.0,3.0,6.0,4.0,16.0,4.0,4.0,11.0,2.0,2.0,2.0,2.0,2.0,3.0,9.0,9.0,2.0,2.0,1.0,2.0,1.0,1.0,1.0,1.0,1.0,1.0,18.0,17.0,4.0,2.0,12.0,1.0,1.0,2.0,2.0,2.0,10.0,1.0,1.0,1.0,17.0,3.0,13.0,3.0,3.0,18.0,2.0,16.0,1.0,1.0,1.0,52.0,22.0,45.0,6.0,16.0,6.0,23.0,5.0,18.0,10.0,14.0,5.0,4.0,12.0,2.0,6.0,3.0,4.0,2.0,1.0,1.0,1.0,30.0,24.0,26.0,4.0,20.0,3.0,0.0,0.0,0.0,0.0,0.0,0.0,0.0,5.0,0.0,0.0,0.0,0.0,0.0,0.0,0.0,2.0,0.0,0.0,0.0,3.0,0.0,0.0,1.0,0.0,0.0,0.0,0.0,14.0,0.0,0.0,0.0,1.0,17.0,0.0,0.0,0.0,3.0,0.0,0.0,2.0,0.0,1.0,0.0,0.0,1.0,0.0,0.0,0.0,0.0,0.0,0.0,0.0,0.0,0.0,0.0,0.0,0.0,0.0,0.0,0.0,0.0,0.0,0.0,0.0,0.0,0.0,0.0,0.0,0.0,0.0,0.0,0.0,0.0,0.0,0.0,0.0,0.0,0.0,0.0,3.97,0.38,0.5,0,0,8,4,0,0,12.25,19.2,0.0,100,23,20,10,25,1.1111111111111112,0,0.031578947368421054,0,16,1.1944444444444444,47,0.45263157894736844,10,0,2,56,6,0,0,12.0,0,0,0,0.0,0.0,0.0,0.0,0.0,0.0,0.0,0.0,0.0,0.0,0.0,0.0,0.0,0.0,0.0,0.0,0.0,0.0,0.0,0.0,0.0,0.0,0.0,0.0,0.0,0.0,0.0,0.0,0.0,0.0,0.0,0.0,0.0,0.0,0.0,0.0,0.0,0.0,0.0,0.0,0.0,0.0,0.0,0.0,0.0,0.0,0.0,0.0,0.0,0.0,0.0,0.0,0.0,0.0,0.0,0.0,0.0,0.0,0.0,0.0,0.0,0.0,0.0,0.0,0.0,0.0,0.0,0.0,0.0,0.0,0.0,0.0,0.0,0.0,0.0,0.0,0.0,0.0,0.0,0.0,0.0,0.0,0.0,0.0,0.0,0.0,0.0,0.0,0.0,0.0,0.0,0.0,0.0,0.0,0.0,0.0,0.0,0.0,0.0,0.0,0.0,0.0,0.0,0.0,0.0,0.0,0.0,0.0,0.0,0.0,0.0,0.0,0.0,0.0,0.0,0.0,0.0,0.0,0.0,0.0,0.0,0.0,0.0,0.0,0.0,0.0,0.0,0.0,0.0,0.0,0.0,0.0,0.0,0.0,0.0,0.0,0.0,0.0,0.0,0.0,0.0,0.0,0.0,0.0,0.0,0.0,0.0,0.0,0.0,0.0,0.0,0.0,0.0,0.0,0.0,0.0,0.0,0.0,0.0,0.0,0.0,0.0,0.0,0.0,0.0,0.0,0.0,0.0,0.0,0.0,0.0,0.0,0.0,0.0,0.0,0.0,0.0,0.0,0.0,0.0,0.0,0.0,0.0,0.0,0.0,0.0,0.0,0.0,0.0,0.0
The Wise and the Foolish Builders,Lk,Double,"['Double', 'Q (RHK)']",6.0,12.0,3.0,25.0,7.0,11.0,17.0,2.0,5.0,4.0,0.0,0.0,3.0,5.0,2.0,8.0,2.0,1.0,7.0,2.0,6.0,0.0,0.0,3.0,3.0,4.0,3.0,3.0,4.0,2.0,4.0,0.0,1.0,1.0,1.0,0.0,0.0,11.0,10.0,10.0,1.0,13.0,0.0,0.0,7.0,1.0,0.0,10.0,0.0,0.0,0.0,21.0,1.0,17.0,1.0,1.0,15.0,8.0,9.0,4.0,3.0,5.0,64.0,7.0,58.0,5.0,2.0,5.0,20.0,9.0,15.0,10.0,11.0,2.0,0.0,7.0,1.0,5.0,2.0,4.0,3.0,3.0,3.0,3.0,29.0,17.0,22.0,5.0,10.0,5.0,0.0,0.0,0.0,0.0,0.0,0.0,0.0,3.0,0.0,3.0,0.0,1.0,0.0,0.0,0.0,3.0,0.0,0.0,0.0,2.0,0.0,0.0,0.0,0.0,0.0,0.0,0.0,9.0,0.0,0.0,0.0,1.0,11.0,0.0,0.0,3.0,0.0,0.0,0.0,0.0,0.0,0.0,0.0,0.0,2.0,0.0,0.0,0.0,1.0,1.0,0.0,0.0,0.0,0.0,0.0,0.0,0.0,0.0,0.0,2.0,0.0,0.0,0.0,0.0,0.0,0.0,0.0,0.0,0.0,0.0,0.0,0.0,0.0,0.0,0.0,0.0,0.0,0.0,0.0,4.2727272727272725,0.47474747474747475,0.42424242424242425,2,0,7,2,4,0,13.857142857142858,32.333333333333336,24.0,99,20,25,11,30,1.4705882352941178,0,0.05319148936170213,0,12,1.7142857142857142,37,0.5106382978723404,11,0,0,56,5,0,0,13.0,3,0,0,2.0,1.0,1.0,2.0,1.0,3.0,1.0,1.0,1.0,1.0,1.0,1.0,3.0,2.0,2.0,2.0,1.0,1.0,1.0,1.0,1.0,2.0,2.0,1.0,1.0,1.0,1.0,1.0,1.0,2.0,1.0,1.0,1.0,3.0,3.0,2.0,2.0,1.0,1.0,1.0,2.0,1.0,1.0,1.0,5.0,2.0,1.0,6.0,2.0,2.0,2.0,2.0,1.0,0.0,0.0,0.0,0.0,0.0,0.0,0.0,0.0,0.0,0.0,0.0,0.0,0.0,0.0,0.0,0.0,0.0,0.0,0.0,0.0,0.0,0.0,0.0,0.0,0.0,0.0,0.0,0.0,0.0,0.0,0.0,0.0,0.0,0.0,0.0,0.0,0.0,0.0,0.0,0.0,0.0,0.0,0.0,0.0,0.0,0.0,0.0,0.0,0.0,0.0,0.0,0.0,0.0,0.0,0.0,0.0,0.0,0.0,0.0,0.0,0.0,0.0,0.0,0.0,0.0,0.0,0.0,0.0,0.0,0.0,0.0,0.0,0.0,0.0,0.0,0.0,0.0,0.0,0.0,0.0,0.0,0.0,0.0,0.0,0.0,0.0,0.0,0.0,0.0,0.0,0.0,0.0,0.0,0.0,0.0,0.0,0.0,0.0,0.0,0.0,0.0,0.0,0.0,0.0,0.0,0.0,0.0,0.0,0.0,0.0,0.0,0.0,0.0,0.0,0.0,0.0,0.0,0.0,0.0,0.0,0.0,0.0,0.0,0.0,0.0,0.0,0.0,0.0,0.0,0.0,0.0,0.0,0.0,0.0,0.0,0.0,0.0
New Wine into Old Wineskins,Mt,Triple,['Triple'],9.0,10.0,0.0,9.0,1.0,5.0,13.0,0.0,4.0,1.0,3.0,0.0,0.0,0.0,0.0,5.0,0.0,0.0,3.0,0.0,3.0,6.0,0.0,0.0,1.0,2.0,1.0,1.0,0.0,0.0,4.0,0.0,2.0,0.0,0.0,1.0,0.0,9.0,8.0,9.0,0.0,0.0,0.0,0.0,8.0,0.0,0.0,0.0,0.0,0.0,0.0,4.0,4.0,1.0,2.0,1.0,9.0,0.0,8.0,0.0,0.0,0.0,23.0,14.0,19.0,4.0,10.0,3.0,10.0,5.0,11.0,2.0,6.0,0.0,0.0,7.0,0.0,1.0,0.0,2.0,0.0,1.0,3.0,1.0,16.0,0.0,14.0,0.0,0.0,0.0,0.0,0.0,0.0,1.0,0.0,1.0,0.0,1.0,0.0,2.0,0.0,0.0,0.0,0.0,0.0,0.0,0.0,0.0,0.0,1.0,1.0,2.0,1.0,0.0,0.0,0.0,0.0,4.0,0.0,0.0,0.0,1.0,5.0,0.0,0.0,0.0,0.0,0.0,0.0,0.0,0.0,0.0,1.0,0.0,0.0,1.0,0.0,0.0,0.0,0.0,0.0,0.0,0.0,0.0,0.0,0.0,0.0,0.0,0.0,0.0,0.0,0.0,0.0,0.0,0.0,0.0,0.0,0.0,0.0,0.0,0.0,0.0,0.0,0.0,0.0,0.0,0.0,0.0,0.0,4.339285714285714,0.6428571428571429,0.39285714285714285,0,0,5,2,4,0,10.8,18.0,13.5,56,10,9,9,21,0.6923076923076923,1,0.07547169811320754,0,10,1.631578947368421,16,0.5849056603773585,6,1,6,28,2,0,0,0.0,1,0,0,0.0,0.0,0.0,1.0,0.0,0.0,0.0,0.0,0.0,0.0,0.0,0.0,2.0,3.0,0.0,0.0,1.0,0.0,0.0,3.0,0.0,0.0,0.0,0.0,0.0,0.0,0.0,0.0,0.0,0.0,0.0,0.0,0.0,1.0,1.0,1.0,0.0,0.0,0.0,0.0,0.0,0.0,0.0,0.0,3.0,2.0,1.0,12.0,1.0,1.0,0.0,0.0,11.0,1.0,3.0,3.0,1.0,1.0,1.0,1.0,2.0,0.0,0.0,0.0,0.0,0.0,0.0,0.0,0.0,0.0,0.0,0.0,0.0,0.0,0.0,0.0,0.0,0.0,0.0,0.0,0.0,0.0,0.0,0.0,0.0,0.0,0.0,0.0,0.0,0.0,0.0,0.0,0.0,0.0,0.0,0.0,0.0,0.0,0.0,0.0,0.0,0.0,0.0,0.0,0.0,0.0,0.0,0.0,0.0,0.0,0.0,0.0,0.0,0.0,0.0,0.0,0.0,0.0,0.0,0.0,0.0,0.0,0.0,0.0,0.0,0.0,0.0,0.0,0.0,0.0,0.0,0.0,0.0,0.0,0.0,0.0,0.0,0.0,0.0,0.0,0.0,0.0,0.0,0.0,0.0,0.0,0.0,0.0,0.0,0.0,0.0,0.0,0.0,0.0,0.0,0.0,0.0,0.0,0.0,0.0,0.0,0.0,0.0,0.0,0.0,0.0,0.0,0.0,0.0,0.0,0.0,0.0,0.0,0.0,0.0,0.0,0.0,0.0,0.0,0.0,0.0,0.0,0.0,0.0,0.0,0.0,0.0,0.0,0.0,0.0
New Wine into Old Wineskins,Mk,Triple,['Triple'],11.0,9.0,0.0,6.0,1.0,7.0,13.0,0.0,4.0,2.0,3.0,0.0,0.0,0.0,1.0,5.0,0.0,0.0,0.0,0.0,1.0,6.0,0.0,1.0,0.0,2.0,2.0,2.0,2.0,0.0,2.0,0.0,2.0,1.0,0.0,0.0,0.0,6.0,5.0,5.0,1.0,0.0,0.0,0.0,3.0,1.0,0.0,0.0,0.0,0.0,0.0,4.0,1.0,2.0,1.0,0.0,6.0,0.0,5.0,0.0,0.0,0.0,30.0,8.0,26.0,4.0,4.0,3.0,12.0,5.0,15.0,0.0,7.0,1.0,1.0,10.0,0.0,0.0,0.0,2.0,0.0,0.0,4.0,2.0,18.0,0.0,16.0,0.0,0.0,0.0,0.0,0.0,0.0,1.0,0.0,1.0,0.0,1.0,0.0,2.0,0.0,0.0,0.0,0.0,0.0,0.0,0.0,0.0,0.0,1.0,2.0,2.0,0.0,0.0,0.0,0.0,0.0,4.0,0.0,0.0,0.0,2.0,7.0,0.0,0.0,0.0,0.0,0.0,0.0,0.0,0.0,0.0,2.0,0.0,0.0,0.0,0.0,0.0,0.0,0.0,0.0,0.0,0.0,0.0,0.0,0.0,0.0,0.0,0.0,0.0,0.0,0.0,0.0,0.0,0.0,0.0,0.0,0.0,0.0,0.0,0.0,0.0,0.0,0.0,0.0,0.0,0.0,0.0,0.0,4.107142857142857,0.5357142857142857,0.44642857142857145,0,0,5,3,3,0,10.8,13.5,18.0,56,12,6,8,21,0.46153846153846156,2,0.07547169811320754,0,9,1.5,17,0.5660377358490566,7,2,6,32,3,0,0,0.0,1,0,0,0.0,0.0,0.0,1.0,0.0,0.0,1.0,1.0,0.0,0.0,0.0,0.0,2.0,2.0,0.0,1.0,0.0,0.0,0.0,3.0,0.0,0.0,0.0,0.0,0.0,0.0,0.0,0.0,1.0,0.0,0.0,0.0,0.0,1.0,1.0,1.0,0.0,0.0,0.0,0.0,0.0,0.0,0.0,0.0,2.0,2.0,0.0,14.0,1.0,1.0,0.0,0.0,13.0,0.0,2.0,2.0,2.0,2.0,0.0,0.0,0.0,2.0,1.0,0.0,0.0,0.0,0.0,0.0,0.0,0.0,0.0,0.0,0.0,0.0,0.0,0.0,0.0,0.0,0.0,0.0,0.0,0.0,0.0,0.0,0.0,0.0,0.0,0.0,0.0,0.0,0.0,0.0,0.0,0.0,0.0,0.0,0.0,0.0,0.0,0.0,0.0,0.0,0.0,0.0,0.0,0.0,0.0,0.0,0.0,0.0,0.0,0.0,0.0,0.0,0.0,0.0,0.0,0.0,0.0,0.0,0.0,0.0,0.0,0.0,0.0,0.0,0.0,0.0,0.0,0.0,0.0,0.0,0.0,0.0,0.0,0.0,0.0,0.0,0.0,0.0,0.0,0.0,0.0,0.0,0.0,0.0,0.0,0.0,0.0,0.0,0.0,0.0,0.0,0.0,0.0,0.0,0.0,0.0,0.0,0.0,0.0,0.0,0.0,0.0,0.0,0.0,0.0,0.0,0.0,0.0,0.0,0.0,0.0,0.0,0.0,0.0,0.0,0.0,0.0,0.0,0.0,0.0,0.0,0.0,0.0,0.0,0.0,0.0,0.0,0.0
New Wine into Old Wineskins,Lk,Triple,['Triple'],12.0,8.0,0.0,8.0,1.0,5.0,7.0,0.0,2.0,1.0,2.0,0.0,0.0,0.0,0.0,3.0,0.0,0.0,0.0,1.0,1.0,4.0,0.0,0.0,0.0,1.0,1.0,1.0,1.0,0.0,3.0,0.0,2.0,1.0,0.0,0.0,0.0,7.0,6.0,4.0,3.0,1.0,0.0,0.0,2.0,1.0,1.0,0.0,0.0,0.0,0.0,6.0,1.0,4.0,1.0,0.0,7.0,1.0,5.0,1.0,0.0,1.0,24.0,9.0,19.0,4.0,5.0,4.0,14.0,0.0,12.0,0.0,9.0,0.0,0.0,8.0,0.0,0.0,0.0,4.0,0.0,0.0,4.0,0.0,25.0,0.0,23.0,0.0,0.0,0.0,0.0,0.0,0.0,1.0,0.0,0.0,0.0,1.0,0.0,1.0,0.0,0.0,0.0,0.0,0.0,0.0,0.0,0.0,0.0,0.0,1.0,2.0,1.0,0.0,0.0,0.0,0.0,4.0,0.0,0.0,0.0,0.0,5.0,0.0,0.0,0.0,0.0,0.0,0.0,0.0,0.0,0.0,2.0,0.0,0.0,0.0,0.0,0.0,0.0,0.0,0.0,0.0,0.0,0.0,0.0,0.0,0.0,0.0,0.0,0.0,0.0,0.0,0.0,0.0,0.0,0.0,0.0,0.0,0.0,0.0,0.0,0.0,0.0,0.0,0.0,0.0,0.0,0.0,0.0,3.9166666666666665,0.5416666666666666,0.375,1,0,3,2,5,0,15.333333333333334,15.333333333333334,9.0,48,14,8,8,22,1.1428571428571428,0,0.045454545454545456,0,8,1.8,14,0.6136363636363636,6,0,4,26,4,0,0,1.0,1,0,0,0.0,0.0,1.0,0.0,0.0,2.0,0.0,0.0,0.0,0.0,0.0,2.0,5.0,1.0,0.0,1.0,0.0,0.0,0.0,2.0,0.0,0.0,0.0,0.0,0.0,0.0,0.0,0.0,0.0,0.0,0.0,0.0,1.0,1.0,0.0,1.0,0.0,0.0,0.0,0.0,0.0,0.0,0.0,0.0,0.0,0.0,0.0,1.0,1.0,1.0,0.0,0.0,0.0,0.0,2.0,2.0,0.0,1.0,0.0,0.0,0.0,2.0,1.0,2.0,1.0,0.0,0.0,0.0,0.0,0.0,0.0,0.0,0.0,0.0,0.0,0.0,0.0,0.0,0.0,0.0,0.0,0.0,0.0,0.0,0.0,0.0,0.0,0.0,0.0,0.0,0.0,0.0,0.0,0.0,0.0,0.0,0.0,0.0,0.0,0.0,0.0,0.0,0.0,0.0,0.0,0.0,0.0,0.0,0.0,0.0,0.0,0.0,0.0,0.0,0.0,0.0,0.0,0.0,0.0,0.0,0.0,0.0,0.0,0.0,0.0,0.0,0.0,0.0,0.0,0.0,0.0,0.0,0.0,0.0,0.0,0.0,0.0,0.0,0.0,0.0,0.0,0.0,0.0,0.0,0.0,0.0,0.0,0.0,0.0,0.0,0.0,0.0,0.0,0.0,0.0,0.0,0.0,0.0,0.0,0.0,0.0,0.0,0.0,0.0,0.0,0.0,0.0,0.0,0.0,0.0,0.0,0.0,0.0,0.0,0.0,0.0,0.0,0.0,0.0,0.0,0.0,0.0,0.0,0.0,0.0,0.0,0.0,0.0,0.0,0.0
The Strong Man,Mt,Triple,"['Triple', 'Disputed Q (RHK)']",3.0,4.0,0.0,5.0,2.0,5.0,3.0,0.0,1.0,3.0,2.0,0.0,0.0,0.0,0.0,3.0,0.0,0.0,0.0,2.0,0.0,0.0,0.0,0.0,1.0,0.0,1.0,3.0,1.0,0.0,1.0,0.0,0.0,0.0,0.0,2.0,0.0,3.0,2.0,1.0,1.0,3.0,0.0,0.0,0.0,0.0,0.0,2.0,0.0,0.0,0.0,4.0,0.0,3.0,0.0,0.0,2.0,0.0,0.0,0.0,0.0,0.0,15.0,2.0,13.0,1.0,1.0,1.0,1.0,4.0,9.0,0.0,0.0,0.0,2.0,6.0,0.0,0.0,0.0,0.0,0.0,0.0,1.0,0.0,7.0,4.0,2.0,2.0,2.0,2.0,0.0,0.0,0.0,0.0,0.0,0.0,0.0,2.0,0.0,0.0,0.0,0.0,0.0,0.0,0.0,0.0,0.0,0.0,0.0,0.0,0.0,1.0,0.0,0.0,0.0,0.0,1.0,2.0,0.0,0.0,0.0,1.0,5.0,0.0,0.0,0.0,0.0,0.0,0.0,0.0,0.0,0.0,0.0,0.0,0.0,0.0,0.0,0.0,0.0,0.0,0.0,0.0,0.0,0.0,0.0,0.0,0.0,0.0,1.0,0.0,0.0,0.0,0.0,0.0,0.0,0.0,0.0,0.0,0.0,0.0,0.0,0.0,0.0,0.0,1.0,0.0,0.0,0.0,0.0,3.793103448275862,0.6896551724137931,0.4827586206896552,0,0,2,1,0,0,13.5,14.0,0.0,29,1,5,9,24,1.6666666666666667,0,0.037037037037037035,0,4,1.1,12,0.4074074074074074,7,0,0,14,4,0,0,3.0,1,0,0,1.0,0.0,0.0,0.0,0.0,0.0,1.0,0.0,0.0,0.0,1.0,0.0,1.0,0.0,0.0,1.0,0.0,0.0,0.0,0.0,0.0,0.0,0.0,0.0,0.0,0.0,0.0,0.0,0.0,1.0,0.0,0.0,0.0,1.0,0.0,1.0,2.0,1.0,1.0,0.0,0.0,0.0,0.0,0.0,1.0,3.0,0.0,3.0,2.0,2.0,0.0,0.0,1.0,0.0,0.0,1.0,0.0,0.0,0.0,0.0,0.0,2.0,0.0,0.0,0.0,1.0,1.0,1.0,1.0,1.0,1.0,1.0,0.0,0.0,0.0,0.0,0.0,0.0,0.0,0.0,0.0,0.0,0.0,0.0,0.0,0.0,0.0,0.0,0.0,0.0,0.0,0.0,0.0,0.0,0.0,0.0,0.0,0.0,0.0,0.0,0.0,0.0,0.0,0.0,0.0,0.0,0.0,0.0,0.0,0.0,0.0,0.0,0.0,0.0,0.0,0.0,0.0,0.0,0.0,0.0,0.0,0.0,0.0,0.0,0.0,0.0,0.0,0.0,0.0,0.0,0.0,0.0,0.0,0.0,0.0,0.0,0.0,0.0,0.0,0.0,0.0,0.0,0.0,0.0,0.0,0.0,0.0,0.0,0.0,0.0,0.0,0.0,0.0,0.0,0.0,0.0,0.0,0.0,0.0,0.0,0.0,0.0,0.0,0.0,0.0,0.0,0.0,0.0,0.0,0.0,0.0,0.0,0.0,0.0,0.0,0.0,0.0,0.0,0.0,0.0,0.0,0.0,0.0,0.0,0.0,0.0,0.0,0.0,0.0,0.0
The Strong Man,Mk,Triple,"['Triple', 'Disputed Q (RHK)']",4.0,3.0,0.0,5.0,2.0,5.0,3.0,0.0,1.0,2.0,0.0,0.0,0.0,0.0,0.0,3.0,0.0,0.0,0.0,2.0,0.0,0.0,0.0,0.0,1.0,0.0,1.0,2.0,0.0,0.0,2.0,0.0,1.0,1.0,0.0,2.0,0.0,3.0,2.0,1.0,1.0,3.0,0.0,0.0,0.0,0.0,0.0,2.0,0.0,0.0,0.0,4.0,0.0,3.0,0.0,0.0,2.0,1.0,0.0,1.0,0.0,0.0,16.0,2.0,14.0,1.0,1.0,1.0,2.0,4.0,9.0,0.0,0.0,0.0,1.0,6.0,0.0,0.0,0.0,0.0,0.0,0.0,2.0,1.0,8.0,4.0,3.0,2.0,2.0,2.0,0.0,0.0,0.0,1.0,0.0,0.0,0.0,2.0,0.0,0.0,0.0,0.0,0.0,0.0,0.0,0.0,0.0,0.0,0.0,0.0,0.0,1.0,0.0,0.0,0.0,0.0,0.0,1.0,0.0,0.0,0.0,1.0,5.0,0.0,0.0,0.0,0.0,0.0,0.0,0.0,0.0,0.0,1.0,0.0,0.0,0.0,0.0,0.0,0.0,0.0,0.0,0.0,0.0,0.0,0.0,0.0,0.0,0.0,0.0,0.0,0.0,0.0,0.0,0.0,0.0,0.0,0.0,0.0,0.0,0.0,0.0,0.0,0.0,0.0,1.0,0.0,0.0,0.0,0.0,4.148148148148148,0.6666666666666666,0.48148148148148145,0,0,2,1,0,0,12.5,13.0,0.0,27,2,5,8,25,1.6666666666666667,0,0.04,0,3,1.3333333333333333,10,0.48,7,0,0,15,4,0,0,3.0,1,0,0,0.0,0.0,0.0,0.0,0.0,0.0,1.0,0.0,0.0,0.0,0.0,0.0,3.0,0.0,0.0,1.0,0.0,0.0,0.0,0.0,0.0,0.0,0.0,0.0,0.0,0.0,0.0,0.0,0.0,1.0,0.0,0.0,0.0,1.0,0.0,1.0,1.0,0.0,0.0,0.0,0.0,0.0,0.0,0.0,1.0,3.0,0.0,3.0,2.0,2.0,0.0,0.0,1.0,0.0,0.0,0.0,0.0,0.0,0.0,0.0,0.0,2.0,0.0,0.0,0.0,0.0,1.0,1.0,1.0,1.0,1.0,1.0,1.0,0.0,0.0,0.0,0.0,0.0,0.0,0.0,0.0,0.0,0.0,0.0,0.0,0.0,0.0,0.0,0.0,0.0,0.0,0.0,0.0,0.0,0.0,0.0,0.0,0.0,0.0,0.0,0.0,0.0,0.0,0.0,0.0,0.0,0.0,0.0,0.0,0.0,0.0,0.0,0.0,0.0,0.0,0.0,0.0,0.0,0.0,0.0,0.0,0.0,0.0,0.0,0.0,0.0,0.0,0.0,0.0,0.0,0.0,0.0,0.0,0.0,0.0,0.0,0.0,0.0,0.0,0.0,0.0,0.0,0.0,0.0,0.0,0.0,0.0,0.0,0.0,0.0,0.0,0.0,0.0,0.0,0.0,0.0,0.0,0.0,0.0,0.0,0.0,0.0,0.0,0.0,0.0,0.0,0.0,0.0,0.0,0.0,0.0,0.0,0.0,0.0,0.0,0.0,0.0,0.0,0.0,0.0,0.0,0.0,0.0,0.0,0.0,0.0,0.0,0.0,0.0,0.0
The Strong Man,Lk,Triple,"['Triple', 'Disputed Q (RHK)']",2.0,4.0,1.0,9.0,6.0,5.0,4.0,0.0,2.0,0.0,0.0,0.0,1.0,2.0,1.0,2.0,0.0,0.0,0.0,3.0,0.0,0.0,0.0,1.0,0.0,0.0,2.0,0.0,0.0,2.0,1.0,0.0,1.0,0.0,1.0,2.0,0.0,6.0,5.0,5.0,0.0,2.0,1.0,0.0,2.0,0.0,0.0,1.0,0.0,1.0,0.0,8.0,0.0,7.0,0.0,0.0,4.0,3.0,2.0,1.0,1.0,0.0,23.0,4.0,20.0,2.0,2.0,2.0,7.0,5.0,7.0,2.0,3.0,2.0,1.0,3.0,1.0,0.0,1.0,0.0,0.0,1.0,2.0,2.0,11.0,6.0,6.0,4.0,2.0,2.0,1.0,0.0,0.0,0.0,0.0,0.0,0.0,5.0,0.0,1.0,0.0,0.0,0.0,0.0,0.0,0.0,0.0,0.0,1.0,1.0,0.0,0.0,0.0,0.0,0.0,0.0,0.0,1.0,0.0,0.0,0.0,0.0,5.0,0.0,0.0,1.0,0.0,0.0,0.0,0.0,0.0,0.0,0.0,0.0,0.0,0.0,0.0,0.0,0.0,0.0,0.0,0.0,0.0,0.0,0.0,0.0,0.0,0.0,0.0,0.0,0.0,0.0,0.0,0.0,0.0,0.0,0.0,0.0,0.0,0.0,0.0,0.0,0.0,0.0,0.0,0.0,0.0,0.0,0.0,4.194444444444445,0.6944444444444444,0.4444444444444444,0,0,4,1,2,0,8.5,17.5,16.5,36,7,9,8,26,2.25,0,0.06060606060606061,0,4,1.3636363636363635,16,0.45454545454545453,7,0,0,21,5,0,0,2.0,1,0,0,0.0,0.0,0.0,0.0,0.0,0.0,1.0,0.0,1.0,0.0,0.0,0.0,1.0,1.0,0.0,0.0,0.0,0.0,0.0,1.0,0.0,0.0,0.0,0.0,0.0,0.0,0.0,1.0,0.0,1.0,0.0,0.0,1.0,1.0,0.0,1.0,0.0,0.0,0.0,0.0,0.0,0.0,0.0,0.0,0.0,3.0,1.0,4.0,2.0,0.0,2.0,0.0,2.0,0.0,0.0,2.0,0.0,1.0,0.0,0.0,0.0,1.0,0.0,0.0,0.0,0.0,0.0,0.0,0.0,2.0,0.0,2.0,0.0,1.0,1.0,1.0,1.0,1.0,1.0,2.0,0.0,0.0,0.0,0.0,0.0,0.0,0.0,0.0,0.0,0.0,0.0,0.0,0.0,0.0,0.0,0.0,0.0,0.0,0.0,0.0,0.0,0.0,0.0,0.0,0.0,0.0,0.0,0.0,0.0,0.0,0.0,0.0,0.0,0.0,0.0,0.0,0.0,0.0,0.0,0.0,0.0,0.0,0.0,0.0,0.0,0.0,0.0,0.0,0.0,0.0,0.0,0.0,0.0,0.0,0.0,0.0,0.0,0.0,0.0,0.0,0.0,0.0,0.0,0.0,0.0,0.0,0.0,0.0,0.0,0.0,0.0,0.0,0.0,0.0,0.0,0.0,0.0,0.0,0.0,0.0,0.0,0.0,0.0,0.0,0.0,0.0,0.0,0.0,0.0,0.0,0.0,0.0,0.0,0.0,0.0,0.0,0.0,0.0,0.0,0.0,0.0,0.0,0.0,0.0,0.0,0.0,0.0,0.0,0.0,0.0
The Two Debtors,Lk,L,"['L', 'L (W)', 'L (Paf)']",8.0,4.0,1.0,12.0,4.0,4.0,4.0,0.0,0.0,2.0,0.0,1.0,0.0,3.0,0.0,0.0,0.0,0.0,1.0,2.0,3.0,1.0,0.0,0.0,0.0,0.0,1.0,0.0,2.0,1.0,1.0,0.0,1.0,1.0,0.0,0.0,1.0,7.0,5.0,2.0,1.0,7.0,0.0,2.0,0.0,0.0,1.0,4.0,0.0,0.0,0.0,9.0,1.0,5.0,1.0,1.0,9.0,2.0,6.0,2.0,0.0,1.0,24.0,10.0,20.0,3.0,6.0,4.0,10.0,3.0,7.0,5.0,4.0,1.0,1.0,3.0,0.0,1.0,2.0,3.0,3.0,1.0,2.0,0.0,19.0,0.0,14.0,0.0,0.0,0.0,0.0,0.0,0.0,0.0,0.0,0.0,0.0,4.0,0.0,2.0,0.0,0.0,0.0,0.0,0.0,0.0,0.0,0.0,0.0,0.0,0.0,0.0,0.0,0.0,0.0,0.0,0.0,0.0,0.0,0.0,0.0,1.0,4.0,0.0,0.0,1.0,0.0,1.0,0.0,0.0,0.0,1.0,0.0,0.0,0.0,0.0,0.0,0.0,0.0,0.0,0.0,0.0,0.0,0.0,0.0,0.0,0.0,0.0,1.0,1.0,0.0,0.0,0.0,0.0,0.0,0.0,0.0,0.0,0.0,0.0,0.0,0.0,0.0,0.0,0.0,0.0,0.0,0.0,0.0,4.7555555555555555,0.7111111111111111,0.35555555555555557,2,1,2,4,4,0,21.5,8.6,10.75,45,10,12,9,28,3.0,1,0.0,0,4,3.0,15,0.5853658536585366,8,1,1,25,5,0,0,3.5,2,0,0,2.0,1.0,1.0,0.0,0.0,1.0,0.0,0.0,0.0,0.0,0.0,1.0,4.0,2.0,0.0,0.0,0.0,0.0,2.0,0.0,0.0,1.0,1.0,0.0,0.0,0.0,1.0,0.0,0.0,2.0,0.0,0.0,1.0,2.0,2.0,2.0,1.0,0.0,0.0,0.0,0.0,0.0,0.0,0.0,1.0,1.0,1.0,6.0,4.0,4.0,0.0,0.0,2.0,0.0,0.0,0.0,1.0,0.0,0.0,0.0,0.0,2.0,0.0,0.0,0.0,1.0,0.0,0.0,1.0,0.0,0.0,0.0,1.0,0.0,0.0,0.0,0.0,0.0,0.0,0.0,1.0,1.0,1.0,1.0,1.0,1.0,1.0,1.0,1.0,1.0,0.0,0.0,0.0,0.0,0.0,0.0,0.0,0.0,0.0,0.0,0.0,0.0,0.0,0.0,0.0,0.0,0.0,0.0,0.0,0.0,0.0,0.0,0.0,0.0,0.0,0.0,0.0,0.0,0.0,0.0,0.0,0.0,0.0,0.0,0.0,0.0,0.0,0.0,0.0,0.0,0.0,0.0,0.0,0.0,0.0,0.0,0.0,0.0,0.0,0.0,0.0,0.0,0.0,0.0,0.0,0.0,0.0,0.0,0.0,0.0,0.0,0.0,0.0,0.0,0.0,0.0,0.0,0.0,0.0,0.0,0.0,0.0,0.0,0.0,0.0,0.0,0.0,0.0,0.0,0.0,0.0,0.0,0.0,0.0,0.0,0.0,0.0,0.0,0.0,0.0,0.0,0.0,0.0,0.0,0.0,0.0,0.0,0.0,0.0,0.0
The Sower,Mt,Triple,['Triple'],11.0,16.0,4.0,24.0,4.0,13.0,12.0,0.0,8.0,5.0,5.0,0.0,0.0,4.0,0.0,4.0,0.0,0.0,10.0,0.0,5.0,1.0,2.0,0.0,7.0,4.0,4.0,1.0,4.0,1.0,2.0,2.0,3.0,1.0,4.0,0.0,3.0,15.0,14.0,8.0,0.0,14.0,0.0,2.0,3.0,0.0,0.0,8.0,0.0,0.0,2.0,22.0,2.0,19.0,2.0,2.0,14.0,5.0,8.0,4.0,0.0,3.0,40.0,24.0,28.0,11.0,13.0,11.0,17.0,4.0,25.0,3.0,6.0,1.0,1.0,12.0,1.0,0.0,1.0,10.0,0.0,2.0,10.0,0.0,10.0,15.0,4.0,0.0,8.0,3.0,0.0,0.0,0.0,0.0,3.0,0.0,0.0,4.0,0.0,6.0,0.0,2.0,0.0,0.0,0.0,0.0,0.0,0.0,2.0,3.0,0.0,0.0,0.0,0.0,0.0,0.0,0.0,8.0,0.0,2.0,0.0,2.0,13.0,0.0,0.0,4.0,0.0,0.0,0.0,0.0,0.0,0.0,0.0,0.0,1.0,0.0,0.0,0.0,0.0,0.0,0.0,0.0,0.0,0.0,0.0,0.0,0.0,0.0,0.0,0.0,0.0,0.0,0.0,0.0,0.0,0.0,0.0,0.0,0.0,0.0,0.0,0.0,0.0,0.0,0.0,1.0,0.0,0.0,0.0,3.669811320754717,0.46226415094339623,0.4811320754716981,1,0,6,6,2,0,17.166666666666668,14.285714285714286,52.0,106,17,24,10,26,2.0,0,0.08163265306122448,0,16,1.2702702702702702,37,0.47959183673469385,9,0,1,49,4,0,0,7.0,0,0,0,0.0,0.0,0.0,2.0,0.0,1.0,5.0,0.0,0.0,0.0,0.0,0.0,1.0,3.0,1.0,1.0,0.0,2.0,0.0,1.0,0.0,0.0,0.0,0.0,0.0,0.0,0.0,0.0,0.0,4.0,0.0,0.0,4.0,0.0,0.0,0.0,4.0,2.0,1.0,1.0,0.0,0.0,0.0,0.0,2.0,1.0,1.0,24.0,2.0,6.0,4.0,7.0,14.0,1.0,1.0,0.0,0.0,0.0,0.0,1.0,0.0,3.0,0.0,0.0,0.0,0.0,0.0,0.0,0.0,0.0,0.0,0.0,1.0,0.0,0.0,0.0,0.0,0.0,0.0,0.0,0.0,0.0,1.0,0.0,0.0,0.0,0.0,0.0,1.0,2.0,1.0,1.0,4.0,1.0,1.0,1.0,1.0,0.0,0.0,0.0,0.0,0.0,0.0,0.0,0.0,0.0,0.0,0.0,0.0,0.0,0.0,0.0,0.0,0.0,0.0,0.0,0.0,0.0,0.0,0.0,0.0,0.0,0.0,0.0,0.0,0.0,0.0,0.0,0.0,0.0,0.0,0.0,0.0,0.0,0.0,0.0,0.0,0.0,0.0,0.0,0.0,0.0,0.0,0.0,0.0,0.0,0.0,0.0,0.0,0.0,0.0,0.0,0.0,0.0,0.0,0.0,0.0,0.0,0.0,0.0,0.0,0.0,0.0,0.0,0.0,0.0,0.0,0.0,0.0,0.0,0.0,0.0,0.0,0.0,0.0,0.0,0.0,0.0,0.0,0.0,0.0,0.0,0.0,0.0,0.0,0.0,0.0,0.0,0.0,0.0
The Sower,Mk,Triple,['Triple'],14.0,20.0,2.0,30.0,2.0,12.0,12.0,0.0,7.0,5.0,6.0,0.0,1.0,2.0,0.0,5.0,0.0,0.0,11.0,0.0,5.0,1.0,0.0,0.0,7.0,4.0,4.0,0.0,4.0,2.0,6.0,1.0,6.0,0.0,2.0,0.0,0.0,21.0,20.0,10.0,0.0,16.0,0.0,4.0,3.0,0.0,0.0,10.0,0.0,0.0,2.0,26.0,3.0,21.0,3.0,3.0,20.0,3.0,14.0,2.0,1.0,1.0,51.0,16.0,42.0,8.0,7.0,9.0,19.0,1.0,24.0,1.0,6.0,0.0,0.0,12.0,0.0,0.0,1.0,10.0,1.0,0.0,12.0,1.0,8.0,14.0,2.0,0.0,8.0,3.0,0.0,0.0,0.0,0.0,3.0,0.0,0.0,2.0,0.0,0.0,0.0,2.0,0.0,0.0,0.0,0.0,0.0,0.0,1.0,1.0,0.0,2.0,0.0,0.0,0.0,0.0,0.0,18.0,0.0,1.0,0.0,2.0,12.0,0.0,0.0,2.0,0.0,0.0,0.0,0.0,0.0,0.0,0.0,0.0,2.0,0.0,0.0,0.0,0.0,0.0,0.0,0.0,0.0,0.0,0.0,0.0,0.0,0.0,0.0,0.0,0.0,0.0,0.0,0.0,0.0,0.0,0.0,0.0,0.0,0.0,0.0,0.0,0.0,0.0,0.0,1.0,0.0,0.0,0.0,3.8230088495575223,0.46017699115044247,0.4336283185840708,1,0,7,7,3,0,15.857142857142858,13.375,36.666666666666664,113,19,30,10,28,2.5,0,0.06666666666666667,0,20,1.435897435897436,36,0.5333333333333333,9,0,1,45,4,0,0,4.0,1,0,0,0.0,0.0,0.0,1.0,2.0,1.0,6.0,0.0,2.0,0.0,0.0,3.0,4.0,4.0,0.0,1.0,0.0,2.0,0.0,0.0,0.0,1.0,0.0,0.0,0.0,0.0,0.0,0.0,0.0,5.0,0.0,0.0,4.0,1.0,1.0,1.0,5.0,4.0,0.0,0.0,0.0,0.0,0.0,0.0,0.0,1.0,0.0,23.0,2.0,6.0,3.0,6.0,14.0,1.0,0.0,0.0,0.0,1.0,0.0,1.0,0.0,3.0,1.0,0.0,0.0,0.0,0.0,0.0,0.0,0.0,0.0,0.0,1.0,0.0,0.0,0.0,0.0,0.0,0.0,0.0,0.0,0.0,1.0,0.0,0.0,0.0,0.0,1.0,2.0,4.0,1.0,0.0,1.0,1.0,1.0,2.0,0.0,1.0,1.0,1.0,1.0,1.0,0.0,0.0,0.0,0.0,0.0,0.0,0.0,0.0,0.0,0.0,0.0,0.0,0.0,0.0,0.0,0.0,0.0,0.0,0.0,0.0,0.0,0.0,0.0,0.0,0.0,0.0,0.0,0.0,0.0,0.0,0.0,0.0,0.0,0.0,0.0,0.0,0.0,0.0,0.0,0.0,0.0,0.0,0.0,0.0,0.0,0.0,0.0,0.0,0.0,0.0,0.0,0.0,0.0,0.0,0.0,0.0,0.0,0.0,0.0,0.0,0.0,0.0,0.0,0.0,0.0,0.0,0.0,0.0,0.0,0.0,0.0,0.0,0.0,0.0,0.0,0.0,0.0,0.0,0.0,0.0,0.0,0.0,0.0,0.0,0.0,0.0,0.0,0.0
The Sower,Lk,Triple,['Triple'],7.0,10.0,1.0,22.0,4.0,14.0,10.0,1.0,6.0,1.0,1.0,0.0,0.0,3.0,0.0,7.0,0.0,0.0,5.0,0.0,3.0,1.0,0.0,0.0,5.0,4.0,5.0,0.0,1.0,4.0,1.0,1.0,3.0,2.0,4.0,1.0,0.0,12.0,11.0,7.0,0.0,14.0,0.0,1.0,2.0,0.0,0.0,10.0,0.0,0.0,0.0,17.0,5.0,12.0,4.0,4.0,11.0,6.0,4.0,6.0,0.0,4.0,45.0,10.0,40.0,4.0,6.0,4.0,16.0,6.0,19.0,2.0,6.0,2.0,2.0,9.0,0.0,0.0,0.0,8.0,1.0,1.0,7.0,1.0,13.0,14.0,7.0,0.0,9.0,0.0,0.0,0.0,0.0,0.0,0.0,0.0,0.0,4.0,0.0,0.0,0.0,1.0,0.0,0.0,0.0,0.0,0.0,0.0,2.0,1.0,0.0,1.0,0.0,0.0,0.0,0.0,0.0,9.0,0.0,1.0,0.0,1.0,14.0,0.0,0.0,1.0,0.0,0.0,0.0,1.0,0.0,0.0,0.0,0.0,0.0,0.0,0.0,0.0,0.0,0.0,0.0,0.0,0.0,0.0,0.0,0.0,0.0,0.0,0.0,0.0,0.0,0.0,0.0,0.0,0.0,0.0,0.0,0.0,0.0,0.0,0.0,0.0,0.0,0.0,0.0,1.0,0.0,0.0,0.0,3.950617283950617,0.5185185185185185,0.4567901234567901,1,0,5,6,2,0,15.8,11.0,39.5,81,16,22,10,26,2.2,0,0.07894736842105263,0,10,1.3,30,0.5131578947368421,7,0,1,43,4,0,0,14.0,0,0,0,0.0,0.0,0.0,0.0,0.0,0.0,5.0,0.0,3.0,0.0,0.0,0.0,3.0,3.0,0.0,1.0,0.0,1.0,0.0,0.0,0.0,0.0,0.0,0.0,0.0,0.0,0.0,0.0,0.0,3.0,0.0,0.0,4.0,0.0,0.0,0.0,4.0,1.0,1.0,0.0,0.0,0.0,0.0,0.0,2.0,1.0,1.0,16.0,5.0,6.0,5.0,5.0,5.0,0.0,0.0,1.0,0.0,0.0,0.0,0.0,1.0,2.0,0.0,0.0,0.0,0.0,0.0,0.0,0.0,0.0,0.0,0.0,2.0,0.0,0.0,0.0,0.0,0.0,0.0,0.0,0.0,0.0,0.0,0.0,0.0,0.0,0.0,0.0,1.0,2.0,0.0,1.0,1.0,0.0,0.0,1.0,0.0,0.0,0.0,1.0,0.0,1.0,1.0,1.0,1.0,1.0,0.0,0.0,0.0,0.0,0.0,0.0,0.0,0.0,0.0,0.0,0.0,0.0,0.0,0.0,0.0,0.0,0.0,0.0,0.0,0.0,0.0,0.0,0.0,0.0,0.0,0.0,0.0,0.0,0.0,0.0,0.0,0.0,0.0,0.0,0.0,0.0,0.0,0.0,0.0,0.0,0.0,0.0,0.0,0.0,0.0,0.0,0.0,0.0,0.0,0.0,0.0,0.0,0.0,0.0,0.0,0.0,0.0,0.0,0.0,0.0,0.0,0.0,0.0,0.0,0.0,0.0,0.0,0.0,0.0,0.0,0.0,0.0,0.0,0.0,0.0,0.0,0.0,0.0,0.0,0.0,0.0,0.0,0.0,0.0
The Lamp Under a Bushel,Mt,Triple,['Triple'],1.0,4.0,0.0,7.0,2.0,6.0,8.0,0.0,4.0,1.0,0.0,0.0,0.0,1.0,0.0,5.0,0.0,0.0,3.0,1.0,2.0,0.0,0.0,0.0,3.0,3.0,1.0,0.0,1.0,0.0,1.0,1.0,0.0,1.0,0.0,0.0,0.0,4.0,3.0,6.0,0.0,1.0,0.0,0.0,4.0,0.0,0.0,0.0,0.0,0.0,0.0,4.0,1.0,2.0,0.0,0.0,5.0,1.0,3.0,0.0,0.0,1.0,17.0,6.0,13.0,3.0,2.0,4.0,5.0,3.0,6.0,4.0,2.0,2.0,0.0,5.0,1.0,3.0,0.0,0.0,0.0,0.0,1.0,2.0,8.0,6.0,5.0,3.0,2.0,2.0,0.0,0.0,0.0,1.0,0.0,0.0,0.0,1.0,0.0,0.0,0.0,0.0,0.0,0.0,0.0,0.0,0.0,0.0,1.0,1.0,0.0,0.0,0.0,0.0,0.0,0.0,0.0,2.0,0.0,0.0,0.0,0.0,6.0,0.0,0.0,0.0,0.0,0.0,0.0,0.0,0.0,0.0,0.0,0.0,1.0,1.0,0.0,0.0,0.0,1.0,0.0,0.0,0.0,0.0,0.0,0.0,0.0,0.0,0.0,0.0,0.0,0.0,0.0,0.0,0.0,0.0,0.0,0.0,0.0,0.0,1.0,0.0,0.0,0.0,0.0,0.0,0.0,0.0,0.0,3.4444444444444446,0.7777777777777778,0.4444444444444444,0,0,2,2,2,2,17.0,11.666666666666666,16.5,36,5,7,8,26,0.875,0,0.12121212121212122,0,4,1.1428571428571428,12,0.48484848484848486,6,0,0,18,3,0,0,1.0,2,0,0,0.0,0.0,0.0,0.0,0.0,1.0,1.0,0.0,0.0,0.0,0.0,0.0,0.0,2.0,0.0,1.0,1.0,0.0,0.0,1.0,0.0,1.0,0.0,0.0,0.0,0.0,0.0,0.0,0.0,1.0,0.0,0.0,1.0,2.0,1.0,1.0,1.0,1.0,0.0,1.0,0.0,0.0,0.0,0.0,1.0,0.0,0.0,3.0,1.0,0.0,1.0,1.0,1.0,0.0,0.0,0.0,0.0,0.0,0.0,0.0,0.0,0.0,0.0,0.0,1.0,0.0,0.0,0.0,0.0,0.0,0.0,0.0,0.0,0.0,0.0,0.0,0.0,0.0,0.0,0.0,0.0,0.0,0.0,0.0,0.0,0.0,0.0,0.0,0.0,0.0,0.0,0.0,0.0,0.0,0.0,0.0,0.0,1.0,1.0,0.0,0.0,0.0,0.0,0.0,0.0,0.0,1.0,1.0,0.0,0.0,0.0,0.0,0.0,0.0,0.0,0.0,0.0,0.0,0.0,0.0,0.0,0.0,0.0,0.0,0.0,0.0,0.0,0.0,0.0,0.0,0.0,0.0,0.0,0.0,0.0,0.0,0.0,0.0,0.0,0.0,0.0,0.0,0.0,0.0,0.0,0.0,0.0,0.0,0.0,0.0,0.0,0.0,0.0,0.0,0.0,0.0,0.0,0.0,0.0,0.0,0.0,0.0,0.0,0.0,0.0,0.0,0.0,0.0,0.0,0.0,0.0,0.0,0.0,0.0,0.0,0.0,0.0,0.0,0.0,0.0,0.0,0.0,0.0,0.0,0.0,0.0,0.0,0.0,0.0,0.0
The Lamp Under a Bushel,Mk,Triple,['Triple'],3.0,15.0,4.0,22.0,6.0,4.0,6.0,0.0,6.0,4.0,3.0,1.0,1.0,5.0,0.0,4.0,0.0,0.0,8.0,1.0,1.0,0.0,0.0,0.0,3.0,1.0,1.0,1.0,1.0,4.0,3.0,3.0,0.0,0.0,0.0,0.0,0.0,18.0,16.0,11.0,4.0,5.0,0.0,2.0,5.0,3.0,0.0,3.0,0.0,0.0,0.0,13.0,7.0,8.0,4.0,3.0,15.0,0.0,9.0,0.0,0.0,0.0,38.0,8.0,30.0,7.0,1.0,7.0,7.0,1.0,10.0,7.0,2.0,0.0,0.0,5.0,2.0,3.0,3.0,2.0,1.0,1.0,4.0,0.0,11.0,4.0,6.0,1.0,3.0,0.0,0.0,0.0,0.0,1.0,0.0,1.0,0.0,4.0,0.0,0.0,0.0,0.0,0.0,0.0,0.0,0.0,0.0,0.0,1.0,1.0,1.0,1.0,2.0,0.0,0.0,0.0,1.0,5.0,0.0,0.0,0.0,1.0,4.0,0.0,0.0,4.0,0.0,0.0,0.0,0.0,0.0,0.0,0.0,0.0,3.0,1.0,0.0,0.0,0.0,2.0,0.0,0.0,0.0,0.0,0.0,0.0,0.0,0.0,1.0,1.0,0.0,0.0,0.0,0.0,0.0,0.0,0.0,0.0,0.0,0.0,2.0,0.0,0.0,0.0,1.0,0.0,0.0,0.0,0.0,3.6125,0.5625,0.475,2,0,5,5,4,0,15.6,12.666666666666666,19.5,80,7,22,11,29,3.6666666666666665,0,0.08108108108108109,0,15,1.24,31,0.4189189189189189,11,0,0,25,5,0,0,2.5,2,0,0,2.0,0.0,0.0,0.0,0.0,2.0,3.0,1.0,2.0,0.0,2.0,0.0,0.0,4.0,0.0,0.0,0.0,0.0,0.0,0.0,0.0,3.0,0.0,2.0,0.0,0.0,0.0,0.0,2.0,2.0,0.0,0.0,2.0,2.0,1.0,1.0,1.0,1.0,0.0,0.0,0.0,0.0,0.0,0.0,0.0,1.0,0.0,8.0,4.0,3.0,1.0,0.0,4.0,2.0,0.0,0.0,0.0,1.0,0.0,1.0,2.0,0.0,0.0,1.0,1.0,1.0,0.0,0.0,0.0,4.0,0.0,3.0,0.0,0.0,0.0,0.0,1.0,0.0,0.0,0.0,0.0,0.0,0.0,0.0,0.0,0.0,1.0,0.0,2.0,0.0,0.0,1.0,1.0,0.0,0.0,2.0,0.0,0.0,1.0,1.0,2.0,1.0,1.0,0.0,0.0,0.0,0.0,1.0,1.0,1.0,1.0,2.0,2.0,1.0,1.0,1.0,1.0,3.0,1.0,1.0,0.0,0.0,0.0,0.0,0.0,0.0,0.0,0.0,0.0,0.0,0.0,0.0,0.0,0.0,0.0,0.0,0.0,0.0,0.0,0.0,0.0,0.0,0.0,0.0,0.0,0.0,0.0,0.0,0.0,0.0,0.0,0.0,0.0,0.0,0.0,0.0,0.0,0.0,0.0,0.0,0.0,0.0,0.0,0.0,0.0,0.0,0.0,0.0,0.0,0.0,0.0,0.0,0.0,0.0,0.0,0.0,0.0,0.0,0.0,0.0,0.0,0.0,0.0,0.0,0.0,0.0,0.0,0.0,0.0,0.0
The Lamp Under a Bushel,Lk,Triple,['Triple'],5.0,10.0,5.0,18.0,3.0,2.0,5.0,0.0,4.0,7.0,1.0,1.0,1.0,2.0,0.0,1.0,0.0,0.0,2.0,0.0,0.0,0.0,2.0,0.0,0.0,1.0,1.0,1.0,3.0,6.0,5.0,3.0,1.0,0.0,1.0,0.0,0.0,13.0,11.0,12.0,3.0,3.0,0.0,0.0,9.0,3.0,1.0,1.0,0.0,0.0,0.0,13.0,3.0,9.0,2.0,2.0,9.0,2.0,3.0,1.0,0.0,1.0,32.0,5.0,29.0,2.0,3.0,2.0,11.0,3.0,6.0,2.0,5.0,0.0,0.0,1.0,1.0,0.0,1.0,3.0,1.0,0.0,5.0,1.0,10.0,2.0,6.0,0.0,1.0,1.0,0.0,2.0,0.0,1.0,0.0,1.0,0.0,3.0,0.0,1.0,0.0,0.0,0.0,0.0,0.0,0.0,0.0,0.0,0.0,1.0,0.0,1.0,2.0,0.0,0.0,0.0,1.0,3.0,0.0,0.0,0.0,2.0,2.0,0.0,0.0,5.0,0.0,0.0,0.0,0.0,0.0,1.0,1.0,0.0,3.0,1.0,0.0,0.0,0.0,0.0,0.0,0.0,0.0,0.0,0.0,0.0,0.0,0.0,0.0,0.0,0.0,0.0,0.0,0.0,0.0,0.0,0.0,0.0,0.0,0.0,0.0,0.0,0.0,0.0,0.0,0.0,0.0,0.0,0.0,3.8923076923076922,0.6615384615384615,0.47692307692307695,0,0,7,3,2,0,9.0,15.5,31.5,65,11,18,10,29,3.6,0,0.06557377049180328,0,10,1.75,20,0.45901639344262296,10,0,0,22,4,0,0,3.0,2,0,0,0.0,0.0,0.0,0.0,1.0,1.0,1.0,1.0,1.0,0.0,0.0,0.0,2.0,3.0,0.0,0.0,0.0,0.0,0.0,2.0,0.0,2.0,0.0,1.0,0.0,0.0,0.0,0.0,1.0,0.0,0.0,0.0,2.0,2.0,2.0,1.0,1.0,1.0,0.0,0.0,0.0,0.0,0.0,0.0,1.0,1.0,0.0,10.0,2.0,3.0,0.0,1.0,7.0,2.0,0.0,1.0,0.0,0.0,0.0,0.0,0.0,0.0,1.0,0.0,0.0,0.0,1.0,0.0,0.0,5.0,0.0,3.0,0.0,0.0,1.0,0.0,0.0,0.0,0.0,1.0,0.0,0.0,0.0,0.0,0.0,0.0,1.0,0.0,0.0,1.0,0.0,0.0,0.0,1.0,0.0,1.0,0.0,1.0,1.0,0.0,1.0,0.0,1.0,0.0,0.0,1.0,0.0,1.0,0.0,0.0,1.0,1.0,1.0,0.0,0.0,2.0,1.0,3.0,1.0,0.0,2.0,1.0,1.0,0.0,0.0,0.0,0.0,0.0,0.0,0.0,0.0,0.0,0.0,0.0,0.0,0.0,0.0,0.0,0.0,0.0,0.0,0.0,0.0,0.0,0.0,0.0,0.0,0.0,0.0,0.0,0.0,0.0,0.0,0.0,0.0,0.0,0.0,0.0,0.0,0.0,0.0,0.0,0.0,0.0,0.0,0.0,0.0,0.0,0.0,0.0,0.0,0.0,0.0,0.0,0.0,0.0,0.0,0.0,0.0,0.0,0.0,0.0,0.0,0.0,0.0,0.0,0.0,0.0,0.0,0.0
The Growing Seed,Mk,Mk,['Mk'],4.0,11.0,0.0,12.0,1.0,10.0,16.0,0.0,2.0,4.0,0.0,0.0,0.0,1.0,0.0,10.0,0.0,0.0,6.0,0.0,1.0,1.0,0.0,2.0,2.0,6.0,5.0,1.0,2.0,0.0,3.0,0.0,0.0,1.0,0.0,0.0,1.0,12.0,11.0,7.0,0.0,2.0,0.0,1.0,3.0,0.0,0.0,0.0,0.0,0.0,0.0,10.0,1.0,7.0,1.0,1.0,6.0,0.0,3.0,0.0,0.0,0.0,43.0,0.0,42.0,0.0,0.0,0.0,15.0,4.0,10.0,2.0,9.0,1.0,1.0,5.0,1.0,1.0,1.0,3.0,0.0,0.0,4.0,1.0,19.0,9.0,15.0,2.0,6.0,2.0,0.0,0.0,0.0,0.0,0.0,0.0,0.0,1.0,0.0,1.0,0.0,0.0,0.0,0.0,0.0,0.0,0.0,0.0,1.0,1.0,0.0,0.0,0.0,0.0,0.0,0.0,0.0,6.0,0.0,0.0,0.0,0.0,10.0,0.0,0.0,0.0,0.0,1.0,0.0,0.0,0.0,0.0,0.0,0.0,1.0,0.0,0.0,0.0,0.0,0.0,0.0,0.0,0.0,0.0,0.0,0.0,0.0,0.0,0.0,0.0,0.0,0.0,0.0,0.0,0.0,0.0,0.0,0.0,0.0,0.0,0.0,2.0,0.0,0.0,0.0,0.0,0.0,0.0,0.0,4.123076923076923,0.6461538461538462,0.36923076923076925,1,0,7,3,2,0,9.0,15.5,31.5,65,15,12,8,25,0.75,2,0.03333333333333333,0,11,1.391304347826087,22,0.5333333333333333,7,2,1,31,5,0,0,2.0,1,0,0,0.0,0.0,0.0,0.0,0.0,1.0,0.0,0.0,0.0,0.0,0.0,0.0,1.0,3.0,0.0,1.0,0.0,0.0,0.0,0.0,0.0,0.0,0.0,0.0,0.0,0.0,0.0,2.0,0.0,2.0,0.0,0.0,2.0,1.0,1.0,1.0,0.0,0.0,0.0,0.0,0.0,0.0,0.0,0.0,2.0,1.0,0.0,3.0,2.0,1.0,1.0,0.0,1.0,0.0,0.0,1.0,2.0,1.0,0.0,0.0,0.0,0.0,2.0,0.0,0.0,0.0,1.0,0.0,0.0,6.0,0.0,2.0,0.0,0.0,0.0,0.0,0.0,1.0,0.0,0.0,0.0,0.0,0.0,0.0,0.0,0.0,0.0,0.0,1.0,0.0,0.0,0.0,0.0,0.0,0.0,0.0,0.0,2.0,0.0,0.0,0.0,0.0,0.0,0.0,0.0,0.0,0.0,0.0,0.0,0.0,0.0,1.0,0.0,0.0,0.0,0.0,0.0,2.0,4.0,0.0,0.0,0.0,0.0,1.0,2.0,0.0,0.0,0.0,0.0,0.0,0.0,0.0,0.0,0.0,0.0,0.0,0.0,0.0,0.0,0.0,0.0,0.0,0.0,0.0,0.0,0.0,0.0,0.0,0.0,0.0,0.0,0.0,0.0,0.0,0.0,0.0,0.0,0.0,0.0,0.0,0.0,0.0,0.0,0.0,0.0,0.0,0.0,0.0,0.0,0.0,0.0,0.0,0.0,0.0,0.0,0.0,0.0,0.0,0.0,0.0,0.0,0.0,0.0,0.0,0.0,0.0,0.0,0.0,0.0,0.0
The Tares,Mt,M,"['M', 'M (Bur)', 'M (Man)']",9.0,16.0,0.0,31.0,11.0,24.0,30.0,1.0,10.0,3.0,1.0,0.0,0.0,7.0,4.0,16.0,1.0,0.0,9.0,2.0,2.0,0.0,0.0,3.0,5.0,4.0,6.0,0.0,1.0,4.0,3.0,1.0,0.0,2.0,2.0,3.0,1.0,14.0,11.0,8.0,1.0,21.0,0.0,1.0,2.0,1.0,1.0,14.0,0.0,0.0,0.0,28.0,3.0,24.0,3.0,3.0,17.0,5.0,11.0,5.0,0.0,2.0,66.0,37.0,48.0,17.0,20.0,17.0,20.0,13.0,30.0,16.0,11.0,2.0,0.0,18.0,4.0,5.0,3.0,4.0,2.0,5.0,5.0,2.0,51.0,7.0,38.0,2.0,3.0,2.0,0.0,0.0,0.0,0.0,1.0,0.0,0.0,10.0,0.0,7.0,0.0,0.0,0.0,0.0,0.0,1.0,0.0,0.0,4.0,0.0,0.0,2.0,0.0,0.0,0.0,0.0,0.0,6.0,0.0,0.0,0.0,0.0,24.0,0.0,0.0,0.0,0.0,0.0,0.0,1.0,0.0,2.0,0.0,0.0,0.0,0.0,0.0,0.0,1.0,0.0,0.0,0.0,0.0,0.0,0.0,0.0,0.0,0.0,0.0,0.0,0.0,0.0,0.0,0.0,0.0,0.0,0.0,0.0,0.0,0.0,0.0,0.0,0.0,0.0,0.0,0.0,1.0,0.0,0.0,4.3517241379310345,0.46206896551724136,0.41379310344827586,6,0,5,5,9,0,28.6,23.5,15.777777777777779,145,20,31,10,31,1.0333333333333334,5,0.072992700729927,0,16,1.4,52,0.5109489051094891,9,5,0,80,5,0,0,21.0,0,0,0,0.0,0.0,0.0,1.0,0.0,3.0,3.0,1.0,0.0,0.0,0.0,0.0,0.0,12.0,0.0,4.0,2.0,0.0,4.0,2.0,0.0,7.0,2.0,3.0,2.0,0.0,1.0,0.0,0.0,4.0,0.0,0.0,6.0,0.0,0.0,0.0,3.0,0.0,0.0,0.0,1.0,0.0,0.0,1.0,5.0,4.0,5.0,21.0,11.0,11.0,1.0,1.0,9.0,2.0,1.0,2.0,5.0,1.0,0.0,0.0,0.0,2.0,3.0,0.0,0.0,0.0,0.0,1.0,0.0,2.0,0.0,1.0,1.0,0.0,1.0,0.0,0.0,0.0,0.0,2.0,0.0,0.0,0.0,0.0,0.0,0.0,3.0,0.0,0.0,2.0,1.0,0.0,0.0,0.0,1.0,4.0,0.0,1.0,1.0,1.0,0.0,1.0,1.0,0.0,1.0,2.0,0.0,0.0,0.0,1.0,1.0,2.0,1.0,0.0,0.0,0.0,0.0,0.0,0.0,1.0,0.0,0.0,1.0,0.0,0.0,1.0,1.0,1.0,2.0,1.0,1.0,0.0,0.0,0.0,0.0,0.0,0.0,0.0,0.0,0.0,0.0,0.0,0.0,0.0,0.0,0.0,0.0,0.0,0.0,0.0,0.0,0.0,0.0,0.0,0.0,0.0,0.0,0.0,0.0,0.0,0.0,0.0,0.0,0.0,0.0,0.0,0.0,0.0,0.0,0.0,0.0,0.0,0.0,0.0,0.0,0.0,0.0,0.0,0.0,0.0,0.0,0.0,0.0,0.0,0.0,0.0,0.0,0.0,0.0,0.0
The Good Samaritan,Lk,L,"['L', 'L (W)', 'L (Paf)']",4.0,21.0,2.0,43.0,17.0,17.0,23.0,2.0,13.0,7.0,0.0,1.0,0.0,11.0,1.0,9.0,1.0,1.0,8.0,7.0,3.0,0.0,0.0,3.0,7.0,7.0,5.0,1.0,4.0,8.0,6.0,1.0,0.0,0.0,3.0,1.0,0.0,19.0,17.0,8.0,1.0,31.0,0.0,2.0,1.0,1.0,0.0,24.0,0.0,0.0,2.0,38.0,3.0,32.0,3.0,3.0,20.0,16.0,6.0,11.0,3.0,12.0,95.0,16.0,87.0,7.0,9.0,7.0,34.0,11.0,32.0,10.0,17.0,3.0,4.0,16.0,3.0,3.0,4.0,10.0,2.0,1.0,11.0,2.0,59.0,8.0,46.0,5.0,3.0,5.0,1.0,1.0,0.0,0.0,0.0,1.0,0.0,10.0,0.0,8.0,0.0,0.0,0.0,0.0,0.0,3.0,0.0,0.0,2.0,2.0,0.0,3.0,0.0,0.0,0.0,0.0,0.0,15.0,3.0,0.0,1.0,0.0,17.0,0.0,0.0,2.0,0.0,0.0,0.0,1.0,0.0,0.0,0.0,0.0,0.0,0.0,0.0,0.0,1.0,3.0,0.0,0.0,0.0,0.0,0.0,0.0,0.0,0.0,4.0,2.0,0.0,0.0,0.0,0.0,0.0,0.0,0.0,0.0,0.0,0.0,0.0,0.0,0.0,0.0,0.0,0.0,0.0,0.0,0.0,4.493975903614458,0.4819277108433735,0.4819277108433735,5,7,6,6,7,0,27.166666666666668,23.0,23.285714285714285,166,34,43,12,32,1.8695652173913044,2,0.08333333333333333,0,21,1.3725490196078431,65,0.44871794871794873,11,2,0,87,6,0,0,15.5,2,0,0,6.0,0.0,3.0,0.0,1.0,2.0,5.0,2.0,4.0,1.0,4.0,0.0,0.0,8.0,0.0,1.0,3.0,1.0,2.0,4.0,0.0,4.0,1.0,2.0,1.0,0.0,1.0,1.0,1.0,4.0,0.0,1.0,5.0,2.0,2.0,2.0,3.0,1.0,0.0,1.0,0.0,0.0,0.0,0.0,3.0,3.0,2.0,14.0,7.0,7.0,0.0,0.0,7.0,1.0,1.0,1.0,2.0,0.0,0.0,1.0,0.0,2.0,4.0,0.0,0.0,0.0,0.0,0.0,0.0,1.0,0.0,0.0,1.0,0.0,0.0,0.0,0.0,0.0,0.0,0.0,2.0,0.0,1.0,0.0,1.0,0.0,2.0,0.0,0.0,2.0,0.0,0.0,0.0,0.0,2.0,3.0,0.0,0.0,0.0,0.0,0.0,0.0,0.0,0.0,0.0,2.0,0.0,0.0,0.0,0.0,0.0,2.0,1.0,2.0,0.0,1.0,0.0,0.0,0.0,2.0,0.0,0.0,0.0,1.0,1.0,0.0,0.0,0.0,0.0,1.0,0.0,1.0,1.0,1.0,1.0,1.0,1.0,0.0,0.0,0.0,0.0,0.0,0.0,0.0,0.0,0.0,0.0,0.0,0.0,0.0,0.0,0.0,0.0,0.0,0.0,0.0,0.0,0.0,0.0,0.0,0.0,0.0,0.0,0.0,0.0,0.0,0.0,0.0,0.0,0.0,0.0,0.0,0.0,0.0,0.0,0.0,0.0,0.0,0.0,0.0,0.0,0.0,0.0,0.0,0.0,0.0,0.0,0.0,0.0,0.0
The Friend at Night,Lk,L,"['L', 'Disputed Q (RHK)', 'non-L (W)', 'L (Paf)']",5.0,7.0,2.0,23.0,17.0,5.0,8.0,1.0,9.0,7.0,1.0,0.0,2.0,7.0,0.0,4.0,0.0,0.0,3.0,5.0,0.0,0.0,0.0,1.0,2.0,2.0,0.0,2.0,4.0,4.0,1.0,0.0,1.0,0.0,1.0,2.0,2.0,11.0,6.0,7.0,5.0,10.0,0.0,0.0,1.0,2.0,3.0,4.0,0.0,0.0,0.0,17.0,3.0,10.0,3.0,3.0,13.0,4.0,8.0,3.0,0.0,1.0,50.0,10.0,41.0,8.0,2.0,8.0,11.0,9.0,14.0,8.0,4.0,3.0,4.0,6.0,1.0,2.0,2.0,4.0,3.0,2.0,1.0,1.0,21.0,7.0,15.0,3.0,3.0,2.0,0.0,0.0,0.0,0.0,0.0,0.0,0.0,8.0,0.0,0.0,0.0,2.0,0.0,0.0,0.0,6.0,2.0,0.0,0.0,0.0,1.0,1.0,0.0,0.0,0.0,0.0,0.0,6.0,0.0,0.0,1.0,1.0,5.0,0.0,0.0,1.0,0.0,0.0,0.0,0.0,0.0,0.0,0.0,0.0,3.0,0.0,0.0,0.0,3.0,3.0,0.0,0.0,0.0,0.0,0.0,0.0,0.0,0.0,0.0,1.0,0.0,0.0,0.0,0.0,0.0,0.0,0.0,0.0,0.0,0.0,0.0,0.0,0.0,0.0,0.0,0.0,0.0,0.0,0.0,4.1208791208791204,0.5164835164835165,0.4835164835164835,4,0,6,2,7,0,14.666666666666666,29.666666666666668,12.571428571428571,91,11,23,12,32,2.875,1,0.10465116279069768,0,7,1.7142857142857142,33,0.4186046511627907,9,1,0,43,5,0,0,10.0,3,0,0,1.0,0.0,0.0,0.0,1.0,2.0,4.0,5.0,2.0,1.0,0.0,0.0,1.0,3.0,0.0,0.0,3.0,0.0,0.0,1.0,0.0,2.0,4.0,0.0,0.0,2.0,2.0,1.0,1.0,2.0,0.0,0.0,4.0,3.0,3.0,3.0,2.0,0.0,0.0,1.0,1.0,0.0,0.0,0.0,2.0,3.0,1.0,6.0,3.0,3.0,2.0,1.0,1.0,1.0,0.0,1.0,1.0,0.0,0.0,0.0,0.0,0.0,0.0,1.0,0.0,0.0,0.0,1.0,2.0,2.0,0.0,0.0,2.0,0.0,2.0,2.0,0.0,1.0,0.0,1.0,0.0,0.0,0.0,0.0,0.0,2.0,2.0,0.0,0.0,1.0,0.0,1.0,0.0,1.0,0.0,2.0,0.0,0.0,2.0,0.0,2.0,0.0,0.0,0.0,0.0,1.0,0.0,0.0,0.0,0.0,0.0,3.0,0.0,0.0,0.0,0.0,0.0,1.0,0.0,0.0,0.0,0.0,2.0,0.0,1.0,0.0,0.0,0.0,0.0,0.0,1.0,0.0,0.0,0.0,0.0,0.0,0.0,1.0,1.0,1.0,1.0,1.0,1.0,1.0,0.0,0.0,0.0,0.0,0.0,0.0,0.0,0.0,0.0,0.0,0.0,0.0,0.0,0.0,0.0,0.0,0.0,0.0,0.0,0.0,0.0,0.0,0.0,0.0,0.0,0.0,0.0,0.0,0.0,0.0,0.0,0.0,0.0,0.0,0.0,0.0,0.0,0.0,0.0,0.0,0.0,0.0,0.0,0.0,0.0,0.0
The Rich Fool,Lk,L,"['L', 'Disputed Q (RHK)', 'non-L (W)', 'Disputed L (Paf)']",8.0,11.0,1.0,26.0,10.0,10.0,13.0,2.0,5.0,5.0,0.0,0.0,0.0,2.0,2.0,8.0,0.0,0.0,5.0,3.0,1.0,2.0,0.0,1.0,0.0,3.0,3.0,2.0,2.0,5.0,4.0,0.0,1.0,1.0,1.0,3.0,0.0,7.0,3.0,10.0,7.0,8.0,0.0,1.0,3.0,1.0,1.0,1.0,0.0,0.0,1.0,21.0,1.0,16.0,1.0,1.0,16.0,5.0,12.0,4.0,1.0,1.0,58.0,15.0,50.0,7.0,8.0,7.0,9.0,9.0,23.0,9.0,3.0,1.0,3.0,15.0,2.0,3.0,3.0,2.0,2.0,2.0,1.0,1.0,22.0,14.0,16.0,2.0,9.0,3.0,2.0,0.0,0.0,0.0,0.0,1.0,0.0,2.0,0.0,3.0,0.0,0.0,0.0,0.0,0.0,4.0,0.0,0.0,1.0,0.0,0.0,2.0,0.0,0.0,0.0,0.0,0.0,7.0,0.0,0.0,0.0,1.0,10.0,0.0,0.0,1.0,0.0,1.0,0.0,2.0,0.0,0.0,0.0,0.0,1.0,0.0,0.0,0.0,1.0,2.0,0.0,0.0,0.0,0.0,0.0,0.0,0.0,0.0,1.0,2.0,0.0,0.0,0.0,0.0,0.0,0.0,0.0,0.0,0.0,0.0,0.0,0.0,0.0,0.0,0.0,0.0,0.0,0.0,0.0,3.891089108910891,0.5544554455445545,0.43564356435643564,6,0,10,3,9,0,9.8,24.5,11.0,101,9,26,11,31,2.0,0,0.05319148936170213,0,11,1.8076923076923077,37,0.5,10,0,2,52,5,0,0,8.0,4,0,0,3.0,0.0,1.0,0.0,0.0,1.0,3.0,3.0,3.0,0.0,2.0,1.0,4.0,2.0,0.0,1.0,0.0,0.0,0.0,2.0,0.0,6.0,8.0,4.0,0.0,6.0,1.0,0.0,2.0,5.0,0.0,0.0,4.0,4.0,3.0,3.0,0.0,0.0,0.0,0.0,2.0,0.0,0.0,1.0,3.0,4.0,1.0,10.0,3.0,3.0,2.0,2.0,5.0,0.0,0.0,1.0,0.0,0.0,0.0,0.0,0.0,1.0,1.0,4.0,0.0,2.0,1.0,1.0,2.0,1.0,0.0,1.0,0.0,0.0,1.0,1.0,0.0,0.0,0.0,1.0,1.0,0.0,0.0,0.0,0.0,2.0,1.0,0.0,1.0,0.0,0.0,1.0,1.0,0.0,0.0,4.0,1.0,0.0,2.0,0.0,1.0,0.0,0.0,1.0,1.0,1.0,0.0,0.0,0.0,0.0,0.0,3.0,0.0,0.0,0.0,0.0,0.0,0.0,0.0,0.0,0.0,0.0,0.0,0.0,0.0,0.0,0.0,1.0,0.0,3.0,0.0,0.0,0.0,0.0,1.0,0.0,0.0,0.0,0.0,0.0,0.0,0.0,0.0,1.0,1.0,1.0,1.0,1.0,1.0,1.0,0.0,0.0,0.0,0.0,0.0,0.0,0.0,0.0,0.0,0.0,0.0,0.0,0.0,0.0,0.0,0.0,0.0,0.0,0.0,0.0,0.0,0.0,0.0,0.0,0.0,0.0,0.0,0.0,0.0,0.0,0.0,0.0,0.0,0.0,0.0,0.0,0.0,0.0,0.0,0.0
The Barren Fig Tree,Lk,L,"['L', 'non-L L (W)', 'L (Paf)']",1.0,11.0,2.0,20.0,7.0,8.0,13.0,3.0,8.0,6.0,0.0,0.0,2.0,4.0,0.0,6.0,1.0,1.0,4.0,0.0,4.0,0.0,0.0,5.0,4.0,1.0,1.0,3.0,3.0,5.0,3.0,1.0,0.0,0.0,1.0,1.0,0.0,8.0,5.0,7.0,1.0,9.0,0.0,2.0,2.0,1.0,0.0,4.0,0.0,0.0,0.0,17.0,2.0,13.0,2.0,2.0,10.0,5.0,3.0,4.0,0.0,5.0,52.0,3.0,49.0,2.0,1.0,2.0,5.0,3.0,24.0,7.0,1.0,0.0,1.0,16.0,3.0,3.0,0.0,2.0,1.0,2.0,3.0,2.0,17.0,15.0,10.0,5.0,8.0,4.0,0.0,0.0,0.0,0.0,0.0,1.0,0.0,7.0,0.0,4.0,0.0,0.0,0.0,0.0,0.0,0.0,0.0,0.0,3.0,0.0,1.0,1.0,0.0,0.0,0.0,0.0,0.0,6.0,0.0,1.0,0.0,0.0,8.0,0.0,0.0,1.0,1.0,0.0,0.0,3.0,0.0,0.0,0.0,0.0,2.0,0.0,0.0,1.0,1.0,0.0,0.0,0.0,0.0,0.0,0.0,0.0,0.0,0.0,1.0,0.0,0.0,0.0,0.0,0.0,0.0,0.0,0.0,0.0,0.0,0.0,0.0,0.0,0.0,0.0,0.0,0.0,0.0,0.0,0.0,3.9651162790697674,0.5348837209302325,0.4883720930232558,3,0,5,3,6,0,17.0,21.0,13.833333333333334,86,5,20,12,32,1.5384615384615385,1,0.09876543209876543,0,11,1.2592592592592593,32,0.41975308641975306,9,1,0,40,6,0,0,4.5,1,0,0,1.0,0.0,0.0,1.0,0.0,0.0,2.0,2.0,3.0,0.0,1.0,0.0,0.0,3.0,0.0,0.0,0.0,0.0,1.0,0.0,0.0,3.0,4.0,0.0,1.0,2.0,1.0,1.0,0.0,4.0,0.0,1.0,5.0,1.0,1.0,1.0,0.0,0.0,0.0,0.0,1.0,0.0,0.0,1.0,0.0,2.0,0.0,8.0,3.0,2.0,2.0,1.0,4.0,1.0,0.0,0.0,1.0,2.0,0.0,0.0,0.0,0.0,0.0,0.0,0.0,1.0,0.0,1.0,0.0,3.0,0.0,0.0,0.0,0.0,1.0,0.0,2.0,0.0,0.0,0.0,0.0,0.0,0.0,0.0,2.0,1.0,2.0,1.0,0.0,0.0,0.0,0.0,0.0,1.0,0.0,2.0,0.0,0.0,1.0,0.0,1.0,0.0,0.0,0.0,0.0,1.0,0.0,0.0,0.0,1.0,0.0,0.0,0.0,0.0,0.0,0.0,0.0,0.0,2.0,2.0,0.0,0.0,0.0,0.0,0.0,0.0,1.0,1.0,0.0,0.0,1.0,0.0,0.0,0.0,2.0,1.0,0.0,0.0,0.0,0.0,0.0,0.0,0.0,0.0,0.0,0.0,0.0,0.0,0.0,0.0,1.0,1.0,1.0,1.0,0.0,0.0,0.0,0.0,0.0,0.0,0.0,0.0,0.0,0.0,0.0,0.0,0.0,0.0,0.0,0.0,0.0,0.0,0.0,0.0,0.0,0.0,0.0,0.0,0.0,0.0,0.0,0.0,0.0,0.0,0.0,0.0,0.0,0.0,0.0,0.0
The Mustard Seed,Mt,Triple,"['Triple', 'Q (RHK)']",6.0,6.0,2.0,11.0,3.0,8.0,12.0,0.0,2.0,0.0,1.0,0.0,1.0,1.0,0.0,7.0,0.0,0.0,5.0,1.0,2.0,0.0,0.0,0.0,2.0,3.0,2.0,0.0,0.0,0.0,1.0,0.0,0.0,3.0,0.0,2.0,0.0,7.0,6.0,6.0,0.0,5.0,0.0,0.0,2.0,0.0,0.0,1.0,0.0,0.0,0.0,9.0,1.0,6.0,1.0,1.0,6.0,2.0,2.0,2.0,0.0,2.0,28.0,12.0,21.0,6.0,6.0,6.0,10.0,12.0,5.0,6.0,5.0,3.0,1.0,2.0,1.0,2.0,1.0,1.0,1.0,0.0,1.0,3.0,15.0,5.0,11.0,1.0,3.0,2.0,0.0,0.0,0.0,0.0,1.0,0.0,0.0,3.0,0.0,1.0,0.0,0.0,0.0,0.0,0.0,0.0,0.0,0.0,2.0,0.0,0.0,0.0,0.0,0.0,0.0,0.0,0.0,2.0,0.0,1.0,0.0,0.0,8.0,0.0,0.0,2.0,0.0,0.0,0.0,0.0,0.0,0.0,0.0,0.0,0.0,0.0,0.0,0.0,0.0,0.0,0.0,0.0,0.0,0.0,0.0,0.0,0.0,0.0,0.0,0.0,0.0,0.0,0.0,0.0,0.0,0.0,0.0,0.0,0.0,0.0,0.0,0.0,0.0,0.0,0.0,0.0,0.0,0.0,0.0,4.39622641509434,0.6792452830188679,0.37735849056603776,1,0,4,1,3,0,12.75,26.0,16.666666666666668,53,10,11,8,26,0.9166666666666666,1,0.04,0,6,1.8125,19,0.58,8,1,0,33,3,0,0,5.0,1,0,0,0.0,0.0,0.0,2.0,0.0,3.0,2.0,0.0,0.0,0.0,0.0,0.0,1.0,3.0,1.0,1.0,0.0,0.0,0.0,0.0,0.0,0.0,0.0,0.0,0.0,0.0,0.0,0.0,0.0,3.0,0.0,0.0,4.0,1.0,1.0,1.0,2.0,1.0,1.0,0.0,0.0,0.0,0.0,0.0,5.0,1.0,2.0,13.0,2.0,3.0,0.0,0.0,10.0,0.0,0.0,0.0,1.0,1.0,0.0,0.0,0.0,1.0,0.0,0.0,0.0,0.0,0.0,0.0,0.0,1.0,0.0,1.0,0.0,0.0,0.0,0.0,0.0,0.0,0.0,0.0,0.0,0.0,0.0,0.0,0.0,0.0,0.0,0.0,0.0,0.0,0.0,1.0,0.0,0.0,0.0,0.0,0.0,0.0,0.0,0.0,0.0,0.0,0.0,0.0,0.0,3.0,0.0,0.0,0.0,0.0,0.0,0.0,0.0,0.0,0.0,0.0,0.0,1.0,0.0,0.0,0.0,0.0,0.0,0.0,0.0,0.0,0.0,0.0,0.0,0.0,0.0,0.0,0.0,0.0,0.0,0.0,0.0,0.0,0.0,0.0,0.0,0.0,0.0,0.0,0.0,0.0,0.0,0.0,0.0,0.0,0.0,0.0,0.0,0.0,1.0,0.0,0.0,0.0,0.0,0.0,0.0,0.0,0.0,0.0,0.0,0.0,0.0,0.0,0.0,0.0,0.0,0.0,0.0,0.0,0.0,0.0,0.0,0.0,0.0,0.0,0.0,0.0,0.0,0.0,0.0,0.0,0.0,0.0,0.0,0.0
The Mustard Seed,Mk,Triple,"['Triple', 'Q (RHK)']",6.0,9.0,1.0,11.0,2.0,10.0,12.0,0.0,4.0,1.0,1.0,0.0,0.0,0.0,1.0,8.0,0.0,0.0,6.0,0.0,1.0,2.0,0.0,0.0,3.0,3.0,1.0,0.0,1.0,1.0,2.0,1.0,0.0,3.0,0.0,1.0,0.0,6.0,4.0,6.0,0.0,4.0,0.0,1.0,4.0,0.0,0.0,2.0,0.0,0.0,0.0,7.0,2.0,2.0,2.0,2.0,4.0,1.0,2.0,0.0,0.0,0.0,28.0,13.0,21.0,6.0,7.0,6.0,4.0,17.0,9.0,3.0,1.0,3.0,2.0,5.0,1.0,1.0,0.0,0.0,0.0,1.0,0.0,3.0,8.0,11.0,3.0,3.0,6.0,2.0,0.0,0.0,0.0,0.0,0.0,0.0,0.0,2.0,0.0,0.0,0.0,0.0,0.0,0.0,0.0,0.0,0.0,0.0,1.0,2.0,0.0,0.0,0.0,0.0,0.0,0.0,1.0,4.0,0.0,0.0,0.0,0.0,10.0,0.0,0.0,1.0,0.0,0.0,0.0,0.0,0.0,0.0,0.0,0.0,0.0,0.0,0.0,0.0,0.0,0.0,0.0,0.0,0.0,0.0,0.0,0.0,0.0,0.0,0.0,1.0,0.0,0.0,0.0,0.0,0.0,0.0,0.0,0.0,0.0,0.0,1.0,1.0,0.0,0.0,0.0,0.0,0.0,0.0,0.0,3.7868852459016393,0.639344262295082,0.39344262295081966,1,0,6,1,2,0,9.833333333333334,30.0,29.5,61,4,11,10,28,0.9166666666666666,0,0.07017543859649122,0,9,1.2608695652173914,23,0.5087719298245614,7,0,2,33,4,0,0,4.0,2,0,0,1.0,0.0,0.0,1.0,0.0,2.0,2.0,0.0,0.0,0.0,0.0,1.0,1.0,2.0,1.0,2.0,0.0,0.0,0.0,0.0,0.0,0.0,2.0,0.0,0.0,1.0,1.0,0.0,0.0,1.0,0.0,0.0,2.0,2.0,2.0,2.0,2.0,1.0,1.0,0.0,0.0,0.0,0.0,0.0,10.0,3.0,1.0,14.0,3.0,1.0,3.0,1.0,10.0,0.0,0.0,0.0,0.0,1.0,0.0,0.0,0.0,1.0,1.0,0.0,0.0,0.0,0.0,0.0,0.0,4.0,0.0,1.0,0.0,0.0,1.0,0.0,0.0,0.0,0.0,1.0,0.0,0.0,0.0,0.0,0.0,1.0,0.0,0.0,0.0,0.0,0.0,0.0,1.0,0.0,1.0,0.0,0.0,0.0,0.0,0.0,0.0,0.0,0.0,0.0,0.0,1.0,1.0,0.0,0.0,0.0,0.0,1.0,0.0,0.0,0.0,0.0,0.0,1.0,2.0,0.0,0.0,0.0,0.0,0.0,0.0,0.0,0.0,0.0,0.0,0.0,0.0,0.0,0.0,0.0,0.0,0.0,0.0,0.0,0.0,0.0,0.0,0.0,0.0,0.0,0.0,0.0,0.0,0.0,0.0,0.0,0.0,0.0,0.0,1.0,0.0,1.0,1.0,0.0,0.0,0.0,0.0,0.0,0.0,0.0,0.0,0.0,0.0,0.0,0.0,0.0,0.0,0.0,0.0,0.0,0.0,0.0,0.0,0.0,0.0,0.0,0.0,0.0,0.0,0.0,0.0,0.0,0.0,0.0,0.0,0.0
The Mustard Seed,Lk,Triple,"['Triple', 'Q (RHK)']",3.0,5.0,1.0,9.0,3.0,5.0,9.0,0.0,3.0,0.0,0.0,0.0,1.0,1.0,0.0,4.0,0.0,0.0,2.0,0.0,2.0,0.0,0.0,0.0,1.0,2.0,1.0,0.0,0.0,0.0,2.0,0.0,0.0,1.0,0.0,2.0,1.0,7.0,5.0,2.0,1.0,5.0,0.0,1.0,0.0,1.0,0.0,4.0,0.0,0.0,0.0,8.0,0.0,6.0,0.0,0.0,8.0,1.0,6.0,1.0,0.0,1.0,28.0,4.0,25.0,2.0,2.0,2.0,8.0,7.0,4.0,5.0,4.0,2.0,2.0,0.0,0.0,1.0,1.0,3.0,1.0,1.0,1.0,0.0,12.0,5.0,8.0,0.0,3.0,2.0,1.0,0.0,0.0,0.0,0.0,0.0,0.0,2.0,0.0,0.0,0.0,0.0,0.0,0.0,0.0,0.0,0.0,0.0,1.0,0.0,0.0,2.0,0.0,0.0,0.0,0.0,0.0,4.0,0.0,0.0,0.0,0.0,5.0,0.0,0.0,1.0,0.0,0.0,0.0,0.0,0.0,1.0,0.0,0.0,0.0,0.0,0.0,0.0,0.0,0.0,0.0,0.0,0.0,0.0,0.0,0.0,0.0,0.0,0.0,2.0,0.0,0.0,0.0,0.0,0.0,0.0,0.0,0.0,0.0,0.0,0.0,0.0,0.0,0.0,0.0,0.0,0.0,0.0,0.0,4.232558139534884,0.6744186046511628,0.4418604651162791,1,0,5,1,2,0,8.2,21.0,20.5,43,8,9,9,26,1.0,0,0.075,0,5,1.6153846153846154,16,0.525,8,0,0,24,5,0,0,5.0,1,0,0,2.0,0.0,0.0,1.0,0.0,0.0,3.0,0.0,1.0,0.0,1.0,0.0,2.0,2.0,1.0,1.0,0.0,0.0,0.0,2.0,0.0,0.0,1.0,0.0,0.0,0.0,1.0,0.0,1.0,1.0,0.0,0.0,0.0,1.0,1.0,1.0,0.0,0.0,0.0,0.0,0.0,0.0,0.0,0.0,2.0,1.0,2.0,7.0,2.0,4.0,0.0,2.0,2.0,0.0,0.0,1.0,0.0,0.0,0.0,0.0,0.0,1.0,0.0,0.0,0.0,0.0,0.0,0.0,0.0,0.0,0.0,0.0,0.0,0.0,0.0,0.0,0.0,0.0,0.0,0.0,0.0,0.0,0.0,0.0,0.0,1.0,0.0,0.0,1.0,0.0,0.0,0.0,0.0,0.0,0.0,0.0,0.0,0.0,0.0,0.0,0.0,0.0,0.0,0.0,0.0,2.0,0.0,0.0,0.0,0.0,0.0,0.0,0.0,2.0,0.0,0.0,0.0,0.0,0.0,0.0,0.0,0.0,0.0,0.0,0.0,0.0,0.0,0.0,0.0,0.0,0.0,0.0,0.0,0.0,0.0,0.0,0.0,0.0,0.0,0.0,0.0,0.0,0.0,0.0,1.0,0.0,0.0,0.0,0.0,0.0,0.0,0.0,0.0,0.0,0.0,0.0,0.0,0.0,0.0,0.0,0.0,0.0,0.0,0.0,0.0,0.0,0.0,0.0,0.0,0.0,0.0,0.0,0.0,0.0,0.0,0.0,0.0,0.0,0.0,0.0,0.0,0.0,0.0,0.0,0.0,0.0,0.0,0.0,0.0,0.0
The Leaven,Mt,Double,"['Double', 'Q (RHK)']",4.0,0.0,2.0,5.0,1.0,2.0,7.0,0.0,2.0,0.0,0.0,0.0,2.0,1.0,0.0,2.0,0.0,0.0,0.0,0.0,1.0,1.0,0.0,0.0,0.0,0.0,1.0,0.0,0.0,0.0,0.0,0.0,0.0,0.0,0.0,0.0,1.0,4.0,3.0,1.0,0.0,4.0,0.0,0.0,0.0,0.0,0.0,2.0,0.0,0.0,0.0,4.0,1.0,3.0,1.0,0.0,4.0,1.0,2.0,1.0,0.0,1.0,16.0,5.0,12.0,3.0,2.0,3.0,6.0,4.0,5.0,2.0,3.0,2.0,1.0,2.0,1.0,0.0,1.0,1.0,0.0,1.0,0.0,1.0,4.0,9.0,1.0,2.0,6.0,2.0,0.0,0.0,0.0,0.0,1.0,0.0,0.0,1.0,0.0,0.0,0.0,0.0,0.0,0.0,0.0,0.0,0.0,0.0,0.0,0.0,0.0,1.0,0.0,0.0,0.0,0.0,0.0,0.0,0.0,0.0,0.0,0.0,2.0,0.0,0.0,2.0,0.0,0.0,0.0,0.0,0.0,0.0,0.0,0.0,0.0,0.0,0.0,0.0,0.0,0.0,0.0,0.0,0.0,0.0,0.0,0.0,0.0,0.0,0.0,0.0,0.0,0.0,0.0,0.0,0.0,0.0,0.0,0.0,0.0,0.0,0.0,0.0,0.0,0.0,0.0,0.0,0.0,0.0,0.0,4.36,0.88,0.28,0,0,2,1,2,0,11.5,12.0,11.5,25,6,5,7,23,0.7142857142857143,1,0.08695652173913043,0,0,4.0,5,0.6956521739130435,6,1,1,17,3,0,0,4.0,0,0,0,0.0,0.0,0.0,2.0,0.0,1.0,1.0,0.0,0.0,0.0,0.0,0.0,1.0,2.0,1.0,1.0,0.0,0.0,0.0,1.0,0.0,0.0,0.0,0.0,0.0,0.0,0.0,0.0,0.0,1.0,0.0,0.0,1.0,0.0,0.0,0.0,0.0,0.0,0.0,0.0,0.0,0.0,0.0,0.0,1.0,1.0,1.0,4.0,1.0,1.0,1.0,0.0,2.0,0.0,1.0,0.0,1.0,0.0,0.0,0.0,0.0,0.0,0.0,0.0,0.0,0.0,0.0,0.0,0.0,0.0,0.0,0.0,0.0,0.0,0.0,0.0,1.0,0.0,0.0,0.0,0.0,0.0,0.0,0.0,0.0,0.0,0.0,0.0,0.0,0.0,0.0,0.0,0.0,0.0,0.0,0.0,0.0,0.0,0.0,0.0,0.0,0.0,0.0,0.0,0.0,0.0,0.0,0.0,0.0,0.0,0.0,0.0,0.0,0.0,0.0,0.0,0.0,0.0,0.0,0.0,0.0,0.0,0.0,0.0,0.0,0.0,0.0,0.0,0.0,0.0,0.0,0.0,0.0,0.0,0.0,0.0,0.0,0.0,0.0,0.0,0.0,0.0,0.0,0.0,0.0,0.0,0.0,0.0,0.0,0.0,0.0,0.0,0.0,0.0,0.0,0.0,0.0,0.0,0.0,0.0,0.0,0.0,0.0,0.0,0.0,0.0,0.0,0.0,0.0,0.0,0.0,0.0,0.0,0.0,0.0,0.0,0.0,0.0,0.0,0.0,0.0,0.0,0.0,0.0,0.0,0.0,0.0,0.0,0.0,0.0
The Leaven,Lk,Double,"['Double', 'Q (RHK)']",3.0,1.0,2.0,6.0,0.0,2.0,6.0,0.0,2.0,1.0,0.0,0.0,2.0,0.0,0.0,2.0,0.0,0.0,0.0,0.0,2.0,2.0,0.0,0.0,0.0,0.0,1.0,1.0,1.0,0.0,0.0,0.0,0.0,0.0,0.0,0.0,0.0,4.0,2.0,1.0,1.0,4.0,0.0,0.0,0.0,0.0,0.0,2.0,0.0,0.0,0.0,5.0,1.0,4.0,1.0,0.0,5.0,1.0,3.0,1.0,0.0,1.0,18.0,2.0,16.0,1.0,1.0,1.0,4.0,4.0,5.0,2.0,1.0,1.0,1.0,2.0,0.0,0.0,0.0,1.0,1.0,2.0,0.0,2.0,3.0,7.0,1.0,1.0,5.0,1.0,0.0,0.0,0.0,0.0,0.0,0.0,0.0,0.0,0.0,0.0,0.0,0.0,0.0,0.0,0.0,0.0,0.0,0.0,0.0,0.0,0.0,1.0,0.0,0.0,0.0,0.0,0.0,1.0,0.0,0.0,0.0,0.0,2.0,0.0,0.0,2.0,0.0,0.0,0.0,0.0,0.0,0.0,0.0,0.0,0.0,0.0,0.0,0.0,0.0,0.0,0.0,0.0,0.0,0.0,0.0,0.0,0.0,0.0,0.0,1.0,0.0,0.0,0.0,0.0,0.0,0.0,0.0,0.0,0.0,0.0,0.0,0.0,0.0,0.0,0.0,0.0,0.0,0.0,1.0,3.7777777777777777,0.8518518518518519,0.2962962962962963,1,0,2,1,2,0,12.5,13.0,12.5,27,4,6,9,25,1.0,0,0.08333333333333333,0,1,3.0,6,0.625,6,0,2,15,4,0,0,4.0,0,0,0,1.0,0.0,0.0,1.0,0.0,1.0,1.0,0.0,0.0,0.0,1.0,0.0,1.0,1.0,1.0,1.0,0.0,0.0,0.0,1.0,0.0,0.0,1.0,0.0,0.0,0.0,1.0,0.0,1.0,1.0,0.0,0.0,0.0,0.0,0.0,0.0,0.0,0.0,0.0,0.0,0.0,0.0,0.0,0.0,1.0,2.0,0.0,5.0,1.0,1.0,1.0,1.0,2.0,0.0,1.0,0.0,0.0,0.0,0.0,0.0,0.0,0.0,0.0,0.0,0.0,1.0,0.0,0.0,1.0,0.0,0.0,0.0,0.0,0.0,0.0,0.0,1.0,0.0,0.0,0.0,0.0,0.0,0.0,0.0,0.0,1.0,0.0,0.0,0.0,0.0,0.0,0.0,0.0,0.0,0.0,0.0,0.0,0.0,0.0,0.0,0.0,0.0,0.0,0.0,0.0,0.0,0.0,0.0,0.0,0.0,0.0,0.0,0.0,0.0,0.0,0.0,0.0,0.0,0.0,0.0,0.0,0.0,0.0,0.0,0.0,0.0,0.0,0.0,0.0,0.0,0.0,0.0,0.0,0.0,0.0,0.0,0.0,0.0,0.0,0.0,0.0,0.0,0.0,0.0,0.0,0.0,0.0,0.0,0.0,0.0,0.0,0.0,0.0,0.0,0.0,0.0,0.0,0.0,0.0,0.0,0.0,0.0,0.0,0.0,0.0,0.0,0.0,0.0,0.0,0.0,0.0,0.0,0.0,0.0,0.0,0.0,0.0,0.0,0.0,0.0,0.0,0.0,0.0,0.0,0.0,0.0,0.0,0.0,0.0,0.0
The Hidden Treasure,Mt,M,"['M', 'M (Bur)', 'M (Man)']",2.0,3.0,2.0,8.0,1.0,5.0,7.0,1.0,2.0,0.0,0.0,0.0,2.0,0.0,0.0,5.0,1.0,0.0,2.0,1.0,1.0,0.0,1.0,0.0,2.0,0.0,2.0,0.0,0.0,0.0,3.0,1.0,0.0,0.0,0.0,1.0,0.0,6.0,5.0,5.0,0.0,2.0,0.0,0.0,3.0,0.0,0.0,1.0,0.0,0.0,0.0,7.0,1.0,5.0,1.0,1.0,6.0,2.0,4.0,1.0,1.0,1.0,22.0,4.0,19.0,2.0,2.0,2.0,5.0,5.0,6.0,4.0,3.0,2.0,1.0,4.0,0.0,3.0,0.0,1.0,0.0,1.0,0.0,0.0,13.0,5.0,10.0,1.0,3.0,2.0,0.0,0.0,0.0,0.0,0.0,1.0,0.0,1.0,0.0,0.0,0.0,0.0,0.0,0.0,0.0,0.0,0.0,0.0,1.0,0.0,0.0,0.0,0.0,0.0,0.0,0.0,0.0,3.0,0.0,0.0,0.0,0.0,5.0,0.0,0.0,1.0,0.0,0.0,0.0,0.0,0.0,0.0,0.0,0.0,0.0,0.0,0.0,0.0,0.0,0.0,0.0,0.0,0.0,0.0,0.0,0.0,0.0,0.0,0.0,0.0,0.0,0.0,0.0,0.0,0.0,0.0,0.0,0.0,0.0,0.0,0.0,0.0,0.0,0.0,0.0,0.0,0.0,0.0,0.0,4.0606060606060606,0.7272727272727273,0.36363636363636365,0,0,3,1,0,0,10.333333333333334,16.0,0.0,33,5,8,9,24,1.1428571428571428,0,0.06451612903225806,0,3,1.7,12,0.5483870967741935,7,0,0,20,4,0,0,2.0,0,0,0,0.0,0.0,0.0,1.0,0.0,1.0,1.0,0.0,0.0,0.0,0.0,0.0,1.0,2.0,1.0,1.0,0.0,0.0,0.0,0.0,0.0,0.0,0.0,0.0,0.0,0.0,0.0,1.0,0.0,0.0,0.0,1.0,1.0,0.0,0.0,0.0,0.0,0.0,0.0,0.0,0.0,0.0,0.0,0.0,3.0,0.0,1.0,2.0,1.0,1.0,0.0,0.0,1.0,0.0,0.0,0.0,0.0,0.0,0.0,0.0,0.0,0.0,0.0,0.0,0.0,0.0,0.0,0.0,0.0,0.0,0.0,0.0,0.0,0.0,0.0,0.0,0.0,0.0,0.0,0.0,0.0,0.0,0.0,0.0,0.0,0.0,0.0,0.0,0.0,0.0,0.0,0.0,0.0,0.0,0.0,0.0,0.0,0.0,0.0,0.0,0.0,0.0,0.0,0.0,0.0,0.0,0.0,0.0,0.0,0.0,0.0,0.0,0.0,0.0,0.0,0.0,0.0,0.0,0.0,0.0,0.0,0.0,0.0,0.0,1.0,0.0,0.0,0.0,0.0,0.0,0.0,0.0,0.0,0.0,0.0,0.0,0.0,0.0,0.0,0.0,0.0,0.0,0.0,0.0,0.0,0.0,0.0,0.0,0.0,0.0,0.0,0.0,0.0,0.0,0.0,0.0,0.0,0.0,0.0,0.0,0.0,0.0,0.0,0.0,0.0,0.0,0.0,0.0,0.0,0.0,0.0,0.0,0.0,0.0,0.0,0.0,0.0,0.0,0.0,0.0,0.0,0.0,0.0,0.0,0.0,0.0,0.0,0.0,0.0,0.0
The Pearl,Mt,M,"['M', 'M (Bur)', 'M (Man)']",5.0,2.0,1.0,7.0,1.0,2.0,6.0,0.0,0.0,1.0,0.0,0.0,1.0,1.0,0.0,2.0,0.0,0.0,1.0,0.0,0.0,0.0,1.0,0.0,0.0,0.0,1.0,0.0,0.0,1.0,2.0,0.0,1.0,0.0,0.0,0.0,0.0,4.0,3.0,2.0,0.0,3.0,0.0,1.0,1.0,0.0,0.0,1.0,0.0,0.0,0.0,7.0,0.0,6.0,0.0,0.0,4.0,3.0,2.0,1.0,2.0,1.0,16.0,6.0,12.0,3.0,3.0,3.0,5.0,2.0,8.0,3.0,2.0,1.0,0.0,5.0,0.0,2.0,0.0,2.0,0.0,1.0,2.0,0.0,13.0,3.0,11.0,0.0,2.0,1.0,0.0,0.0,0.0,0.0,0.0,0.0,0.0,1.0,0.0,1.0,0.0,0.0,0.0,0.0,0.0,0.0,0.0,0.0,0.0,0.0,0.0,0.0,0.0,0.0,0.0,0.0,0.0,1.0,0.0,0.0,0.0,0.0,2.0,0.0,0.0,0.0,0.0,0.0,0.0,0.0,0.0,0.0,0.0,0.0,0.0,0.0,0.0,0.0,0.0,0.0,0.0,0.0,0.0,0.0,0.0,0.0,0.0,0.0,0.0,0.0,0.0,0.0,0.0,0.0,0.0,0.0,0.0,0.0,0.0,0.0,0.0,0.0,0.0,0.0,0.0,0.0,0.0,0.0,1.0,5.0,0.8571428571428571,0.21428571428571427,0,0,0,1,2,0,0.0,13.5,12.5,28,5,7,8,24,1.1666666666666667,2,0.0,0,2,4.5,6,0.72,5,2,0,18,5,0,0,3.0,0,0,0,0.0,0.0,0.0,2.0,0.0,2.0,0.0,0.0,0.0,0.0,0.0,1.0,1.0,3.0,0.0,1.0,0.0,0.0,0.0,0.0,0.0,0.0,0.0,0.0,0.0,0.0,0.0,1.0,0.0,1.0,1.0,0.0,0.0,0.0,0.0,0.0,0.0,0.0,0.0,0.0,0.0,0.0,0.0,0.0,1.0,0.0,1.0,2.0,1.0,1.0,0.0,0.0,1.0,0.0,0.0,0.0,2.0,0.0,0.0,0.0,0.0,0.0,0.0,0.0,0.0,0.0,1.0,0.0,0.0,0.0,0.0,0.0,0.0,0.0,0.0,0.0,0.0,0.0,0.0,0.0,0.0,0.0,0.0,0.0,0.0,0.0,0.0,0.0,0.0,0.0,0.0,0.0,0.0,0.0,1.0,0.0,0.0,0.0,0.0,0.0,0.0,0.0,0.0,0.0,0.0,0.0,0.0,0.0,0.0,0.0,0.0,0.0,0.0,0.0,0.0,0.0,0.0,0.0,0.0,0.0,0.0,0.0,0.0,0.0,0.0,0.0,0.0,0.0,0.0,0.0,0.0,0.0,0.0,0.0,0.0,0.0,0.0,0.0,0.0,0.0,0.0,0.0,0.0,0.0,0.0,0.0,0.0,0.0,0.0,0.0,0.0,0.0,0.0,0.0,0.0,0.0,0.0,1.0,0.0,0.0,0.0,0.0,0.0,0.0,0.0,0.0,0.0,0.0,0.0,0.0,0.0,0.0,0.0,0.0,0.0,0.0,0.0,0.0,0.0,0.0,0.0,0.0,0.0,0.0,0.0,0.0,0.0,0.0,0.0,0.0
Drawing in the Net,Mt,M,"['M', 'M (Bur)', 'M (Man)']",7.0,7.0,1.0,13.0,1.0,16.0,15.0,0.0,7.0,4.0,1.0,0.0,0.0,1.0,0.0,12.0,0.0,0.0,4.0,0.0,0.0,0.0,0.0,0.0,4.0,4.0,5.0,0.0,3.0,2.0,0.0,1.0,1.0,1.0,0.0,0.0,0.0,9.0,8.0,1.0,5.0,7.0,0.0,0.0,0.0,0.0,0.0,6.0,0.0,0.0,0.0,8.0,2.0,4.0,2.0,2.0,9.0,4.0,6.0,2.0,2.0,2.0,30.0,23.0,24.0,6.0,17.0,5.0,11.0,13.0,15.0,5.0,6.0,2.0,1.0,9.0,1.0,2.0,0.0,2.0,0.0,2.0,3.0,2.0,21.0,13.0,16.0,2.0,8.0,3.0,0.0,0.0,0.0,0.0,0.0,0.0,0.0,1.0,0.0,1.0,0.0,0.0,0.0,0.0,0.0,0.0,2.0,0.0,1.0,1.0,0.0,3.0,0.0,0.0,0.0,0.0,0.0,5.0,0.0,0.0,0.0,0.0,16.0,0.0,0.0,1.0,0.0,0.0,0.0,0.0,0.0,0.0,0.0,0.0,0.0,0.0,0.0,0.0,0.0,0.0,0.0,0.0,0.0,0.0,0.0,0.0,0.0,0.0,0.0,0.0,0.0,0.0,0.0,0.0,0.0,0.0,0.0,0.0,0.0,0.0,0.0,0.0,0.0,0.0,0.0,0.0,0.0,0.0,1.0,3.8421052631578947,0.6052631578947368,0.42105263157894735,0,0,2,2,4,2,37.0,24.666666666666668,18.25,76,11,13,9,25,0.8666666666666667,1,0.09859154929577464,0,7,1.1666666666666667,25,0.49295774647887325,7,1,0,44,4,0,0,7.0,3,0,0,0.0,0.0,0.0,1.0,1.0,0.0,3.0,0.0,0.0,0.0,0.0,0.0,1.0,3.0,0.0,5.0,1.0,0.0,1.0,1.0,0.0,0.0,0.0,0.0,0.0,0.0,0.0,0.0,0.0,1.0,0.0,0.0,0.0,3.0,2.0,1.0,0.0,0.0,0.0,0.0,0.0,0.0,0.0,0.0,7.0,3.0,2.0,10.0,2.0,2.0,2.0,2.0,6.0,0.0,2.0,1.0,1.0,0.0,0.0,0.0,0.0,3.0,0.0,4.0,0.0,0.0,1.0,0.0,1.0,0.0,0.0,0.0,0.0,0.0,0.0,0.0,0.0,0.0,0.0,0.0,0.0,0.0,1.0,0.0,0.0,0.0,0.0,0.0,0.0,0.0,0.0,0.0,1.0,0.0,0.0,0.0,0.0,1.0,0.0,0.0,0.0,0.0,2.0,0.0,0.0,1.0,0.0,0.0,0.0,0.0,0.0,1.0,0.0,0.0,0.0,0.0,0.0,0.0,0.0,0.0,0.0,0.0,0.0,0.0,0.0,0.0,0.0,0.0,0.0,0.0,0.0,0.0,0.0,0.0,0.0,0.0,0.0,0.0,0.0,0.0,0.0,0.0,0.0,0.0,0.0,0.0,0.0,1.0,0.0,0.0,0.0,0.0,0.0,0.0,0.0,0.0,0.0,0.0,0.0,0.0,0.0,0.0,0.0,0.0,0.0,0.0,0.0,0.0,0.0,0.0,0.0,0.0,0.0,0.0,0.0,0.0,0.0,0.0,0.0,0.0,0.0,0.0,0.0,0.0,0.0,0.0,0.0,0.0,0.0,0.0
Parable of the Householder's Treasure,Mt,M,"['M', 'M (Bur)', 'M (Man)']",5.0,2.0,1.0,6.0,3.0,4.0,6.0,2.0,2.0,0.0,1.0,0.0,1.0,2.0,0.0,3.0,0.0,0.0,1.0,0.0,1.0,1.0,0.0,0.0,1.0,0.0,1.0,0.0,0.0,0.0,0.0,0.0,1.0,0.0,0.0,1.0,1.0,4.0,3.0,3.0,0.0,3.0,0.0,0.0,1.0,0.0,0.0,1.0,0.0,0.0,0.0,5.0,1.0,3.0,1.0,1.0,5.0,1.0,3.0,1.0,0.0,1.0,18.0,9.0,15.0,3.0,5.0,3.0,6.0,5.0,5.0,6.0,2.0,1.0,1.0,2.0,1.0,2.0,2.0,1.0,3.0,1.0,0.0,1.0,15.0,2.0,12.0,1.0,1.0,1.0,0.0,0.0,0.0,0.0,0.0,0.0,0.0,3.0,0.0,1.0,0.0,1.0,0.0,0.0,0.0,0.0,1.0,0.0,0.0,0.0,0.0,0.0,0.0,0.0,0.0,0.0,0.0,1.0,0.0,0.0,0.0,0.0,4.0,0.0,0.0,0.0,1.0,0.0,0.0,2.0,0.0,0.0,0.0,0.0,0.0,0.0,0.0,0.0,0.0,0.0,0.0,0.0,0.0,0.0,0.0,0.0,0.0,0.0,0.0,0.0,0.0,0.0,0.0,0.0,0.0,0.0,0.0,0.0,0.0,0.0,0.0,0.0,0.0,0.0,0.0,0.0,0.0,0.0,0.0,4.542857142857143,0.7142857142857143,0.4,2,0,0,2,3,0,0.0,11.0,11.0,35,6,6,10,24,1.0,1,0.0625,0,2,2.125,12,0.53125,8,1,1,22,3,0,0,3.0,0,0,0,0.0,0.0,0.0,1.0,0.0,0.0,1.0,0.0,0.0,0.0,0.0,0.0,2.0,1.0,1.0,1.0,1.0,0.0,1.0,0.0,2.0,1.0,0.0,0.0,0.0,0.0,0.0,0.0,0.0,1.0,0.0,0.0,2.0,0.0,0.0,0.0,0.0,0.0,0.0,0.0,0.0,0.0,0.0,0.0,3.0,0.0,0.0,5.0,2.0,2.0,0.0,0.0,2.0,1.0,0.0,0.0,1.0,0.0,0.0,0.0,0.0,0.0,0.0,0.0,0.0,0.0,0.0,0.0,0.0,0.0,0.0,0.0,0.0,0.0,0.0,0.0,0.0,0.0,0.0,0.0,0.0,0.0,0.0,0.0,0.0,0.0,0.0,0.0,0.0,0.0,0.0,0.0,0.0,0.0,0.0,0.0,0.0,0.0,1.0,0.0,0.0,0.0,0.0,0.0,0.0,1.0,0.0,0.0,1.0,0.0,0.0,0.0,0.0,0.0,0.0,0.0,0.0,0.0,0.0,0.0,0.0,0.0,0.0,0.0,0.0,0.0,0.0,0.0,0.0,0.0,0.0,0.0,0.0,0.0,0.0,0.0,0.0,0.0,0.0,0.0,0.0,0.0,1.0,0.0,0.0,1.0,0.0,0.0,0.0,0.0,0.0,0.0,0.0,0.0,0.0,0.0,0.0,0.0,1.0,0.0,0.0,0.0,0.0,0.0,0.0,0.0,0.0,0.0,0.0,0.0,0.0,0.0,0.0,0.0,0.0,0.0,0.0,0.0,0.0,0.0,0.0,0.0,0.0,0.0,0.0,0.0,0.0,0.0,0.0,0.0
The Wedding Feast,Lk,L,"['L', 'L (W)', 'Disputed L (Paf)']",16.0,26.0,0.0,40.0,21.0,16.0,16.0,1.0,10.0,7.0,2.0,0.0,0.0,10.0,0.0,4.0,0.0,0.0,6.0,8.0,3.0,1.0,0.0,1.0,4.0,4.0,3.0,4.0,5.0,8.0,7.0,1.0,3.0,2.0,6.0,2.0,1.0,14.0,8.0,12.0,8.0,13.0,0.0,3.0,3.0,3.0,2.0,6.0,0.0,0.0,0.0,25.0,9.0,13.0,7.0,6.0,12.0,12.0,2.0,5.0,4.0,5.0,82.0,27.0,70.0,12.0,15.0,11.0,19.0,12.0,39.0,12.0,5.0,3.0,5.0,21.0,3.0,5.0,2.0,10.0,3.0,3.0,8.0,2.0,55.0,10.0,46.0,5.0,3.0,7.0,2.0,0.0,0.0,2.0,0.0,0.0,0.0,5.0,0.0,2.0,0.0,0.0,0.0,0.0,0.0,0.0,0.0,0.0,1.0,0.0,0.0,3.0,1.0,0.0,0.0,0.0,1.0,8.0,0.0,0.0,1.0,2.0,16.0,0.0,0.0,0.0,0.0,2.0,0.0,1.0,0.0,0.0,0.0,0.0,1.0,0.0,0.0,0.0,2.0,14.0,0.0,0.0,0.0,0.0,0.0,0.0,0.0,0.0,1.0,0.0,0.0,0.0,0.0,0.0,0.0,0.0,0.0,0.0,0.0,0.0,2.0,0.0,0.0,0.0,0.0,0.0,0.0,0.0,0.0,4.263803680981595,0.4601226993865031,0.4110429447852761,13,0,16,5,7,2,10.0625,26.333333333333332,22.714285714285715,163,19,40,10,32,2.5,2,0.06493506493506493,0,26,1.3846153846153846,65,0.4675324675324675,8,2,1,83,6,0,0,4.333333333333333,6,0,0,1.0,0.0,2.0,0.0,0.0,2.0,6.0,2.0,10.0,0.0,0.0,3.0,2.0,4.0,0.0,2.0,1.0,0.0,0.0,2.0,0.0,12.0,0.0,7.0,0.0,0.0,0.0,4.0,4.0,4.0,1.0,1.0,2.0,6.0,5.0,5.0,2.0,2.0,0.0,0.0,1.0,0.0,0.0,1.0,3.0,5.0,1.0,4.0,1.0,3.0,0.0,2.0,1.0,0.0,0.0,4.0,2.0,3.0,0.0,0.0,2.0,5.0,3.0,0.0,0.0,0.0,0.0,1.0,4.0,9.0,1.0,0.0,0.0,1.0,1.0,3.0,0.0,2.0,0.0,2.0,0.0,0.0,1.0,0.0,0.0,0.0,5.0,0.0,1.0,1.0,0.0,0.0,0.0,0.0,0.0,5.0,1.0,2.0,5.0,1.0,3.0,0.0,1.0,0.0,0.0,1.0,0.0,0.0,0.0,0.0,0.0,0.0,0.0,0.0,0.0,0.0,0.0,0.0,4.0,2.0,0.0,0.0,2.0,0.0,1.0,0.0,0.0,0.0,0.0,0.0,1.0,0.0,0.0,0.0,0.0,2.0,0.0,1.0,0.0,0.0,1.0,0.0,0.0,0.0,0.0,1.0,0.0,1.0,0.0,0.0,0.0,0.0,2.0,3.0,0.0,1.0,0.0,0.0,0.0,1.0,1.0,1.0,0.0,0.0,0.0,0.0,0.0,0.0,0.0,0.0,0.0,0.0,0.0,0.0,0.0,0.0,0.0,0.0,0.0,0.0,0.0,0.0,0.0,0.0,0.0,0.0,0.0,0.0,0.0,0.0
Counting the Cost,Lk,L,"['L', 'L (W)', 'L (Paf)']",9.0,10.0,1.0,30.0,8.0,6.0,13.0,1.0,8.0,8.0,0.0,0.0,0.0,3.0,0.0,2.0,0.0,0.0,1.0,3.0,2.0,0.0,0.0,0.0,0.0,2.0,3.0,3.0,5.0,8.0,3.0,1.0,1.0,2.0,1.0,0.0,0.0,10.0,9.0,17.0,1.0,12.0,0.0,0.0,7.0,0.0,0.0,3.0,0.0,0.0,0.0,23.0,0.0,15.0,0.0,0.0,9.0,12.0,3.0,2.0,3.0,5.0,47.0,15.0,37.0,9.0,6.0,9.0,19.0,11.0,12.0,10.0,8.0,2.0,2.0,4.0,0.0,4.0,1.0,5.0,4.0,2.0,4.0,4.0,35.0,8.0,25.0,4.0,3.0,5.0,1.0,0.0,0.0,0.0,0.0,0.0,0.0,4.0,0.0,1.0,0.0,0.0,0.0,0.0,1.0,1.0,2.0,0.0,1.0,1.0,3.0,2.0,1.0,0.0,0.0,0.0,1.0,2.0,0.0,0.0,1.0,1.0,6.0,0.0,0.0,1.0,0.0,1.0,0.0,1.0,0.0,1.0,0.0,0.0,3.0,0.0,0.0,0.0,1.0,2.0,0.0,0.0,0.0,0.0,0.0,0.0,0.0,0.0,0.0,2.0,0.0,0.0,0.0,0.0,0.0,0.0,0.0,0.0,0.0,0.0,0.0,0.0,0.0,0.0,0.0,0.0,0.0,0.0,0.0,4.429906542056075,0.6635514018691588,0.38317757009345793,1,0,3,3,0,0,35.0,26.0,0.0,107,19,30,12,26,2.3076923076923075,3,0.08,0,10,2.1666666666666665,28,0.52,10,3,0,52,4,0,0,12.0,7,0,0,2.0,1.0,0.0,0.0,0.0,4.0,4.0,3.0,1.0,0.0,0.0,0.0,3.0,7.0,0.0,0.0,0.0,0.0,0.0,3.0,0.0,0.0,0.0,0.0,0.0,0.0,0.0,0.0,1.0,9.0,0.0,0.0,8.0,7.0,7.0,7.0,8.0,4.0,0.0,6.0,0.0,0.0,0.0,0.0,3.0,3.0,2.0,6.0,4.0,5.0,0.0,1.0,1.0,4.0,1.0,0.0,3.0,2.0,0.0,2.0,0.0,0.0,0.0,0.0,0.0,0.0,0.0,0.0,1.0,1.0,0.0,0.0,3.0,1.0,2.0,0.0,0.0,0.0,0.0,1.0,0.0,0.0,0.0,0.0,1.0,0.0,0.0,0.0,0.0,1.0,2.0,1.0,0.0,1.0,0.0,0.0,0.0,1.0,0.0,0.0,0.0,0.0,2.0,0.0,0.0,3.0,2.0,0.0,0.0,2.0,0.0,1.0,1.0,1.0,0.0,1.0,0.0,0.0,0.0,0.0,0.0,0.0,0.0,0.0,0.0,0.0,2.0,0.0,0.0,0.0,0.0,0.0,0.0,0.0,1.0,0.0,1.0,0.0,0.0,0.0,1.0,0.0,0.0,0.0,0.0,0.0,0.0,0.0,0.0,0.0,1.0,0.0,0.0,0.0,0.0,0.0,0.0,0.0,0.0,0.0,0.0,0.0,1.0,0.0,0.0,0.0,0.0,0.0,0.0,0.0,0.0,0.0,0.0,0.0,0.0,0.0,0.0,0.0,0.0,0.0,0.0,0.0,0.0,0.0,0.0,0.0,0.0,0.0,0.0,0.0
The Lost Sheep,Mt,Double,"['Double', 'Disputed Q (RHK)', 'Disputed L (Paf)']",11.0,11.0,0.0,18.0,9.0,13.0,11.0,2.0,9.0,4.0,0.0,0.0,0.0,2.0,2.0,5.0,0.0,0.0,7.0,1.0,1.0,1.0,0.0,2.0,3.0,3.0,3.0,0.0,2.0,2.0,4.0,1.0,0.0,3.0,1.0,3.0,0.0,10.0,8.0,9.0,1.0,7.0,0.0,0.0,4.0,0.0,1.0,2.0,0.0,0.0,0.0,11.0,4.0,6.0,3.0,3.0,8.0,3.0,3.0,3.0,0.0,2.0,33.0,32.0,20.0,13.0,18.0,13.0,9.0,18.0,10.0,14.0,3.0,4.0,2.0,7.0,1.0,8.0,5.0,1.0,1.0,0.0,1.0,0.0,20.0,0.0,15.0,0.0,0.0,0.0,0.0,0.0,0.0,0.0,0.0,0.0,0.0,4.0,0.0,0.0,0.0,1.0,0.0,0.0,0.0,1.0,1.0,0.0,3.0,3.0,0.0,0.0,1.0,0.0,0.0,0.0,1.0,3.0,0.0,0.0,0.0,2.0,13.0,0.0,0.0,0.0,0.0,2.0,0.0,2.0,0.0,0.0,0.0,0.0,1.0,0.0,0.0,0.0,0.0,4.0,0.0,0.0,0.0,0.0,0.0,0.0,0.0,0.0,1.0,1.0,0.0,0.0,0.0,0.0,0.0,0.0,0.0,0.0,0.0,0.0,0.0,0.0,0.0,0.0,2.0,0.0,0.0,0.0,0.0,3.9587628865979383,0.5463917525773195,0.4742268041237113,2,0,4,3,0,0,23.75,23.5,0.0,97,9,18,11,30,1.6363636363636365,1,0.09782608695652174,1,11,1.2121212121212122,37,0.43478260869565216,11,1,1,51,5,0,0,7.0,3,0,0,2.0,0.0,1.0,0.0,0.0,3.0,1.0,2.0,2.0,0.0,0.0,2.0,1.0,0.0,0.0,1.0,1.0,1.0,0.0,3.0,0.0,2.0,2.0,1.0,1.0,0.0,2.0,1.0,0.0,4.0,0.0,0.0,3.0,3.0,2.0,1.0,1.0,0.0,0.0,0.0,0.0,0.0,0.0,0.0,11.0,1.0,4.0,26.0,4.0,5.0,0.0,0.0,21.0,2.0,2.0,1.0,1.0,1.0,0.0,2.0,0.0,4.0,0.0,0.0,1.0,1.0,0.0,0.0,1.0,5.0,0.0,2.0,0.0,0.0,0.0,0.0,0.0,1.0,0.0,1.0,1.0,0.0,0.0,0.0,1.0,1.0,0.0,0.0,0.0,1.0,0.0,0.0,0.0,1.0,0.0,1.0,0.0,0.0,0.0,0.0,0.0,0.0,1.0,2.0,1.0,1.0,2.0,1.0,2.0,0.0,0.0,1.0,1.0,0.0,0.0,0.0,0.0,2.0,1.0,0.0,0.0,0.0,0.0,0.0,1.0,0.0,0.0,0.0,0.0,0.0,0.0,0.0,0.0,0.0,0.0,1.0,1.0,0.0,0.0,0.0,0.0,0.0,0.0,0.0,0.0,0.0,0.0,0.0,0.0,0.0,0.0,0.0,0.0,0.0,0.0,0.0,1.0,0.0,0.0,0.0,0.0,0.0,1.0,0.0,0.0,0.0,0.0,0.0,0.0,0.0,0.0,0.0,0.0,0.0,0.0,0.0,0.0,0.0,0.0,0.0,0.0,0.0,0.0,0.0,0.0,0.0,0.0,0.0,0.0,0.0
The Lost Sheep,Lk,Double,"['Double', 'Disputed Q (RHK)', 'Disputed L (Paf)']",6.0,7.0,0.0,15.0,7.0,9.0,6.0,0.0,6.0,0.0,2.0,0.0,0.0,3.0,1.0,4.0,0.0,0.0,6.0,3.0,0.0,0.0,0.0,1.0,4.0,1.0,3.0,0.0,0.0,1.0,2.0,0.0,0.0,0.0,2.0,2.0,1.0,5.0,4.0,7.0,0.0,6.0,0.0,0.0,3.0,0.0,0.0,2.0,0.0,0.0,0.0,13.0,1.0,10.0,1.0,1.0,5.0,8.0,1.0,4.0,2.0,3.0,29.0,15.0,21.0,7.0,8.0,7.0,8.0,4.0,21.0,4.0,2.0,2.0,2.0,14.0,1.0,2.0,0.0,3.0,1.0,2.0,3.0,2.0,18.0,2.0,15.0,0.0,1.0,0.0,0.0,0.0,0.0,0.0,0.0,0.0,0.0,4.0,0.0,0.0,0.0,0.0,0.0,0.0,0.0,2.0,2.0,0.0,1.0,2.0,0.0,1.0,0.0,0.0,0.0,0.0,0.0,5.0,0.0,0.0,0.0,0.0,9.0,0.0,0.0,0.0,0.0,1.0,0.0,0.0,0.0,0.0,0.0,0.0,1.0,0.0,0.0,0.0,0.0,1.0,0.0,0.0,0.0,0.0,0.0,0.0,0.0,0.0,0.0,1.0,0.0,0.0,0.0,0.0,0.0,0.0,0.0,0.0,0.0,0.0,0.0,0.0,0.0,0.0,0.0,0.0,0.0,0.0,0.0,4.17741935483871,0.5806451612903226,0.4838709677419355,1,0,3,1,2,0,19.666666666666668,30.5,30.0,62,8,15,9,29,2.5,1,0.10344827586206896,0,7,1.2272727272727273,24,0.46551724137931033,7,1,0,37,4,0,0,6.0,1,0,0,1.0,0.0,0.0,0.0,0.0,1.0,4.0,2.0,2.0,0.0,0.0,1.0,0.0,2.0,0.0,0.0,0.0,0.0,0.0,0.0,0.0,1.0,1.0,0.0,1.0,0.0,0.0,2.0,0.0,3.0,1.0,1.0,3.0,1.0,1.0,1.0,0.0,0.0,0.0,0.0,0.0,0.0,0.0,0.0,0.0,2.0,0.0,14.0,2.0,3.0,1.0,1.0,10.0,1.0,1.0,1.0,1.0,0.0,0.0,1.0,0.0,3.0,0.0,0.0,0.0,0.0,0.0,0.0,0.0,1.0,0.0,0.0,0.0,0.0,0.0,0.0,0.0,0.0,0.0,1.0,0.0,0.0,0.0,0.0,0.0,0.0,1.0,0.0,0.0,0.0,0.0,0.0,0.0,0.0,0.0,1.0,1.0,0.0,0.0,0.0,1.0,0.0,0.0,0.0,0.0,0.0,0.0,0.0,0.0,0.0,0.0,0.0,0.0,0.0,0.0,0.0,0.0,0.0,0.0,0.0,0.0,0.0,0.0,0.0,1.0,0.0,0.0,0.0,0.0,0.0,0.0,0.0,0.0,0.0,0.0,0.0,0.0,0.0,0.0,0.0,0.0,0.0,0.0,0.0,0.0,0.0,0.0,0.0,0.0,0.0,0.0,0.0,0.0,1.0,0.0,0.0,0.0,0.0,0.0,0.0,0.0,0.0,1.0,1.0,0.0,0.0,0.0,0.0,0.0,0.0,0.0,0.0,0.0,0.0,0.0,0.0,0.0,0.0,0.0,0.0,0.0,0.0,0.0,0.0,0.0,0.0,0.0,0.0,0.0,0.0
The Unforgiving Servant,Mt,M,"['M', 'M (Bur, without v. 35)', 'M (Man)']",12.0,24.0,5.0,57.0,35.0,29.0,31.0,4.0,7.0,8.0,0.0,1.0,5.0,17.0,6.0,23.0,3.0,0.0,7.0,13.0,1.0,2.0,1.0,2.0,2.0,4.0,5.0,2.0,4.0,13.0,12.0,0.0,2.0,5.0,4.0,11.0,3.0,22.0,16.0,10.0,3.0,38.0,0.0,6.0,0.0,1.0,2.0,23.0,0.0,0.0,5.0,44.0,9.0,33.0,7.0,9.0,26.0,19.0,7.0,12.0,3.0,11.0,134.0,34.0,121.0,13.0,21.0,12.0,43.0,30.0,42.0,19.0,20.0,8.0,8.0,21.0,4.0,5.0,7.0,13.0,7.0,3.0,8.0,3.0,89.0,11.0,76.0,4.0,6.0,3.0,1.0,0.0,0.0,1.0,0.0,1.0,0.0,21.0,0.0,5.0,0.0,1.0,0.0,0.0,0.0,4.0,0.0,0.0,0.0,2.0,1.0,1.0,0.0,0.0,0.0,0.0,0.0,12.0,0.0,0.0,1.0,2.0,29.0,0.0,0.0,4.0,0.0,0.0,0.0,1.0,0.0,3.0,0.0,0.0,2.0,0.0,0.0,0.0,0.0,8.0,0.0,0.0,0.0,0.0,0.0,0.0,0.0,0.0,1.0,0.0,0.0,0.0,0.0,0.0,0.0,0.0,0.0,0.0,0.0,0.0,0.0,1.0,0.0,0.0,1.0,0.0,0.0,0.0,0.0,4.328947368421052,0.40789473684210525,0.4517543859649123,4,0,10,10,7,0,22.6,19.818181818181817,32.0,228,43,57,12,32,1.8387096774193548,3,0.03271028037383177,1,24,1.6666666666666667,98,0.4672897196261682,10,3,2,136,5,0,0,6.333333333333333,4,0,0,1.0,0.0,3.0,2.0,0.0,3.0,2.0,2.0,6.0,0.0,1.0,1.0,2.0,3.0,1.0,2.0,2.0,0.0,1.0,1.0,0.0,6.0,4.0,1.0,2.0,0.0,3.0,0.0,0.0,9.0,0.0,0.0,7.0,4.0,3.0,2.0,6.0,4.0,0.0,2.0,2.0,0.0,1.0,1.0,15.0,4.0,3.0,23.0,10.0,9.0,1.0,1.0,12.0,1.0,0.0,8.0,3.0,0.0,0.0,1.0,0.0,1.0,0.0,0.0,0.0,0.0,0.0,1.0,2.0,3.0,0.0,0.0,2.0,0.0,1.0,0.0,1.0,0.0,0.0,0.0,0.0,0.0,0.0,0.0,0.0,2.0,4.0,0.0,3.0,4.0,0.0,1.0,0.0,1.0,3.0,3.0,3.0,1.0,2.0,0.0,3.0,0.0,0.0,0.0,4.0,3.0,0.0,1.0,1.0,0.0,0.0,4.0,1.0,1.0,0.0,0.0,0.0,3.0,0.0,0.0,0.0,0.0,0.0,0.0,0.0,0.0,0.0,1.0,0.0,0.0,1.0,0.0,0.0,0.0,0.0,0.0,0.0,0.0,0.0,0.0,1.0,0.0,0.0,0.0,0.0,0.0,0.0,1.0,0.0,0.0,0.0,0.0,0.0,2.0,0.0,0.0,0.0,0.0,1.0,0.0,0.0,1.0,0.0,0.0,1.0,0.0,0.0,0.0,0.0,0.0,0.0,0.0,0.0,0.0,0.0,0.0,0.0,0.0,0.0,0.0,0.0,0.0,0.0,0.0,0.0,0.0,0.0,0.0,0.0,0.0
The Lost Coin,Lk,L,"['L', 'Disputed Q (RHK)', 'L (Paf)']",3.0,7.0,2.0,12.0,1.0,3.0,7.0,0.0,1.0,1.0,2.0,0.0,2.0,1.0,0.0,2.0,0.0,0.0,5.0,0.0,2.0,1.0,0.0,0.0,0.0,2.0,3.0,0.0,0.0,2.0,1.0,0.0,0.0,0.0,0.0,0.0,0.0,6.0,5.0,6.0,0.0,6.0,0.0,0.0,3.0,0.0,0.0,3.0,0.0,0.0,0.0,11.0,1.0,9.0,1.0,1.0,6.0,3.0,3.0,1.0,0.0,1.0,23.0,6.0,18.0,4.0,2.0,4.0,5.0,1.0,13.0,1.0,1.0,0.0,0.0,9.0,0.0,0.0,0.0,2.0,1.0,1.0,3.0,1.0,2.0,17.0,0.0,2.0,14.0,2.0,0.0,0.0,0.0,0.0,0.0,0.0,0.0,0.0,0.0,0.0,0.0,0.0,0.0,0.0,0.0,1.0,0.0,0.0,0.0,0.0,0.0,0.0,0.0,0.0,0.0,0.0,1.0,4.0,0.0,0.0,0.0,0.0,3.0,0.0,0.0,2.0,0.0,1.0,0.0,0.0,0.0,0.0,0.0,0.0,0.0,0.0,0.0,0.0,0.0,0.0,0.0,0.0,0.0,0.0,0.0,0.0,0.0,0.0,0.0,1.0,0.0,0.0,0.0,0.0,0.0,0.0,0.0,0.0,0.0,0.0,0.0,0.0,0.0,0.0,1.0,0.0,0.0,0.0,0.0,4.095238095238095,0.6904761904761905,0.3333333333333333,1,0,3,1,2,0,13.333333333333334,20.5,20.0,42,5,12,11,26,1.7142857142857142,0,0.02564102564102564,0,7,2.0,14,0.5641025641025641,6,0,1,20,3,0,0,6.0,0,0,0,1.0,0.0,0.0,1.0,0.0,1.0,0.0,0.0,1.0,0.0,0.0,0.0,0.0,2.0,1.0,0.0,0.0,0.0,0.0,0.0,0.0,1.0,2.0,0.0,1.0,1.0,0.0,0.0,0.0,3.0,0.0,0.0,2.0,0.0,0.0,0.0,0.0,0.0,0.0,0.0,0.0,0.0,0.0,0.0,0.0,1.0,0.0,0.0,0.0,0.0,0.0,0.0,0.0,1.0,0.0,0.0,0.0,0.0,0.0,1.0,0.0,1.0,1.0,0.0,0.0,0.0,0.0,0.0,0.0,2.0,0.0,1.0,0.0,0.0,0.0,0.0,1.0,0.0,0.0,1.0,0.0,0.0,0.0,0.0,0.0,0.0,1.0,0.0,0.0,0.0,0.0,0.0,0.0,0.0,0.0,1.0,1.0,0.0,0.0,0.0,1.0,0.0,0.0,0.0,0.0,0.0,0.0,0.0,0.0,0.0,0.0,1.0,0.0,1.0,0.0,0.0,0.0,1.0,0.0,0.0,0.0,0.0,0.0,0.0,0.0,0.0,0.0,0.0,0.0,0.0,0.0,0.0,0.0,0.0,0.0,0.0,0.0,0.0,0.0,0.0,0.0,0.0,0.0,0.0,0.0,0.0,1.0,0.0,0.0,0.0,0.0,0.0,0.0,1.0,0.0,0.0,0.0,0.0,0.0,0.0,0.0,0.0,1.0,1.0,0.0,0.0,0.0,0.0,0.0,0.0,0.0,0.0,0.0,0.0,0.0,0.0,0.0,0.0,0.0,0.0,0.0,0.0,0.0,0.0,0.0,0.0,0.0,0.0,0.0,0.0
The Prodigal Son,Lk,L,"['L', 'L (W)', 'L (Paf)']",28.0,59.0,1.0,96.0,51.0,52.0,63.0,7.0,20.0,12.0,3.0,0.0,1.0,16.0,9.0,35.0,2.0,2.0,29.0,13.0,10.0,2.0,0.0,4.0,12.0,11.0,9.0,3.0,8.0,22.0,22.0,4.0,3.0,6.0,2.0,24.0,3.0,47.0,39.0,18.0,2.0,61.0,0.0,13.0,2.0,0.0,1.0,36.0,0.0,0.0,9.0,72.0,15.0,57.0,10.0,10.0,58.0,19.0,33.0,12.0,1.0,17.0,241.0,51.0,213.0,27.0,24.0,27.0,74.0,54.0,73.0,19.0,38.0,15.0,11.0,44.0,1.0,3.0,3.0,12.0,10.0,6.0,10.0,19.0,154.0,29.0,136.0,8.0,17.0,12.0,2.0,1.0,0.0,0.0,0.0,1.0,0.0,27.0,0.0,16.0,0.0,0.0,0.0,0.0,1.0,9.0,0.0,1.0,1.0,1.0,0.0,7.0,0.0,0.0,0.0,0.0,0.0,35.0,1.0,0.0,4.0,0.0,52.0,0.0,0.0,1.0,0.0,4.0,0.0,4.0,0.0,0.0,1.0,0.0,2.0,0.0,0.0,0.0,3.0,13.0,0.0,0.0,0.0,0.0,0.0,0.0,0.0,0.0,1.0,1.0,0.0,0.0,0.0,0.0,0.0,0.0,0.0,0.0,0.0,0.0,0.0,2.0,0.0,0.0,0.0,0.0,1.0,0.0,0.0,4.057553956834532,0.3597122302158273,0.460431654676259,11,0,27,16,17,0,15.222222222222221,23.764705882352942,24.11764705882353,417,74,96,12,34,1.5238095238095237,4,0.050761421319796954,0,59,1.4274809160305344,173,0.4746192893401015,11,4,2,224,6,0,0,4.6923076923076925,9,0,0,3.0,0.0,4.0,1.0,0.0,6.0,6.0,4.0,11.0,0.0,1.0,1.0,9.0,9.0,1.0,7.0,3.0,0.0,5.0,3.0,1.0,10.0,11.0,4.0,2.0,6.0,3.0,2.0,0.0,14.0,1.0,2.0,13.0,9.0,5.0,4.0,9.0,8.0,1.0,2.0,4.0,0.0,0.0,2.0,20.0,16.0,4.0,19.0,5.0,9.0,0.0,4.0,10.0,2.0,2.0,6.0,4.0,4.0,0.0,1.0,3.0,10.0,5.0,1.0,1.0,2.0,1.0,0.0,1.0,2.0,0.0,1.0,0.0,0.0,3.0,3.0,0.0,0.0,0.0,1.0,1.0,0.0,0.0,0.0,6.0,3.0,4.0,2.0,3.0,5.0,0.0,0.0,0.0,0.0,7.0,7.0,0.0,1.0,4.0,2.0,0.0,1.0,0.0,0.0,0.0,3.0,0.0,2.0,1.0,0.0,0.0,1.0,1.0,0.0,0.0,0.0,0.0,1.0,0.0,2.0,0.0,0.0,0.0,1.0,0.0,0.0,0.0,2.0,0.0,4.0,4.0,0.0,1.0,0.0,3.0,0.0,0.0,0.0,2.0,0.0,0.0,0.0,0.0,1.0,1.0,1.0,1.0,3.0,0.0,0.0,1.0,0.0,1.0,1.0,0.0,0.0,0.0,0.0,0.0,1.0,0.0,0.0,0.0,0.0,0.0,1.0,1.0,1.0,3.0,1.0,1.0,1.0,0.0,0.0,0.0,0.0,0.0,0.0,0.0,0.0,0.0,0.0,0.0,0.0,0.0,0.0,0.0,0.0,0.0,0.0
The Unjust Steward,Lk,L,"['L', 'L (Paf)']",32.0,33.0,1.0,58.0,25.0,39.0,35.0,3.0,16.0,12.0,1.0,0.0,1.0,13.0,4.0,23.0,1.0,0.0,12.0,11.0,2.0,1.0,1.0,2.0,9.0,5.0,9.0,2.0,7.0,5.0,14.0,3.0,1.0,1.0,1.0,5.0,1.0,28.0,17.0,21.0,6.0,27.0,0.0,4.0,10.0,1.0,1.0,16.0,0.0,0.0,1.0,43.0,2.0,29.0,2.0,1.0,36.0,5.0,24.0,1.0,2.0,2.0,151.0,45.0,127.0,23.0,22.0,23.0,35.0,35.0,51.0,27.0,10.0,2.0,8.0,25.0,3.0,10.0,9.0,9.0,10.0,4.0,13.0,7.0,93.0,16.0,73.0,4.0,10.0,5.0,5.0,0.0,0.0,0.0,0.0,1.0,0.0,6.0,0.0,6.0,0.0,0.0,0.0,0.0,1.0,5.0,2.0,0.0,7.0,0.0,2.0,3.0,2.0,0.0,0.0,0.0,2.0,15.0,0.0,0.0,0.0,0.0,39.0,0.0,0.0,1.0,0.0,3.0,0.0,3.0,0.0,1.0,1.0,0.0,5.0,0.0,0.0,1.0,1.0,9.0,0.0,0.0,0.0,0.0,0.0,0.0,0.0,0.0,1.0,5.0,0.0,0.0,0.0,0.0,0.0,0.0,0.0,0.0,0.0,1.0,0.0,1.0,0.0,0.0,0.0,0.0,0.0,0.0,0.0,4.105072463768116,0.39492753623188404,0.4673913043478261,10,0,11,10,15,0,24.90909090909091,24.272727272727273,18.2,276,35,58,11,31,1.6571428571428573,6,0.061068702290076333,0,33,1.4204545454545454,109,0.4770992366412214,10,6,1,148,5,0,0,6.75,13,0,0,8.0,0.0,1.0,3.0,0.0,8.0,2.0,3.0,4.0,1.0,6.0,5.0,7.0,5.0,0.0,10.0,2.0,0.0,3.0,0.0,1.0,12.0,8.0,3.0,0.0,4.0,2.0,0.0,2.0,9.0,0.0,0.0,8.0,13.0,11.0,12.0,5.0,5.0,0.0,0.0,0.0,0.0,0.0,0.0,16.0,14.0,4.0,25.0,14.0,15.0,1.0,2.0,9.0,0.0,3.0,6.0,6.0,5.0,0.0,0.0,0.0,10.0,1.0,3.0,1.0,1.0,1.0,0.0,2.0,6.0,0.0,2.0,0.0,1.0,0.0,0.0,0.0,0.0,0.0,0.0,2.0,0.0,5.0,0.0,1.0,4.0,7.0,2.0,1.0,4.0,0.0,0.0,0.0,0.0,1.0,6.0,1.0,0.0,8.0,0.0,3.0,0.0,4.0,0.0,2.0,3.0,1.0,0.0,0.0,0.0,0.0,4.0,1.0,1.0,0.0,0.0,0.0,2.0,3.0,4.0,0.0,0.0,0.0,0.0,0.0,0.0,0.0,2.0,0.0,1.0,0.0,0.0,0.0,1.0,0.0,1.0,0.0,0.0,0.0,0.0,0.0,0.0,0.0,0.0,0.0,0.0,3.0,1.0,0.0,0.0,1.0,0.0,0.0,1.0,0.0,0.0,1.0,0.0,0.0,0.0,0.0,0.0,0.0,0.0,1.0,0.0,0.0,0.0,1.0,0.0,0.0,0.0,3.0,0.0,0.0,0.0,0.0,0.0,0.0,0.0,0.0,0.0,0.0,0.0,0.0,0.0,0.0,0.0,0.0,0.0
The Rich Man and Lazarus,Lk,L,"['L', 'L (W)', 'L (Paf)']",12.0,41.0,0.0,51.0,24.0,28.0,45.0,3.0,21.0,15.0,5.0,0.0,0.0,7.0,1.0,20.0,2.0,0.0,15.0,8.0,5.0,1.0,0.0,3.0,11.0,9.0,6.0,5.0,3.0,7.0,13.0,2.0,1.0,0.0,2.0,8.0,0.0,29.0,23.0,18.0,2.0,25.0,1.0,3.0,6.0,0.0,1.0,14.0,0.0,0.0,0.0,33.0,11.0,20.0,7.0,7.0,25.0,9.0,11.0,5.0,3.0,4.0,116.0,47.0,97.0,19.0,28.0,18.0,30.0,33.0,41.0,15.0,11.0,3.0,5.0,23.0,3.0,6.0,4.0,3.0,4.0,1.0,9.0,10.0,82.0,15.0,70.0,4.0,8.0,7.0,0.0,0.0,0.0,2.0,0.0,4.0,0.0,13.0,0.0,11.0,0.0,0.0,0.0,0.0,0.0,5.0,1.0,0.0,6.0,0.0,1.0,3.0,1.0,0.0,0.0,0.0,0.0,18.0,1.0,0.0,0.0,2.0,28.0,0.0,0.0,0.0,0.0,2.0,0.0,3.0,0.0,1.0,0.0,0.0,1.0,1.0,0.0,0.0,4.0,6.0,0.0,0.0,0.0,0.0,0.0,0.0,0.0,0.0,4.0,0.0,0.0,0.0,0.0,0.0,0.0,0.0,0.0,0.0,0.0,0.0,1.0,0.0,0.0,0.0,2.0,0.0,0.0,0.0,0.0,4.112403100775194,0.44573643410852715,0.4689922480620155,6,12,18,11,11,0,14.166666666666666,20.583333333333332,23.272727272727273,258,30,51,10,34,1.1333333333333333,1,0.0860655737704918,0,41,1.2,100,0.4426229508196721,10,1,1,125,7,0,0,8.333333333333334,7,0,0,4.0,0.0,3.0,5.0,0.0,1.0,8.0,4.0,9.0,0.0,1.0,0.0,3.0,11.0,0.0,3.0,3.0,0.0,1.0,2.0,0.0,6.0,3.0,2.0,1.0,0.0,2.0,2.0,0.0,9.0,0.0,0.0,9.0,7.0,6.0,5.0,4.0,1.0,1.0,1.0,6.0,1.0,2.0,3.0,15.0,11.0,2.0,17.0,4.0,7.0,0.0,3.0,10.0,0.0,0.0,3.0,1.0,1.0,0.0,0.0,2.0,5.0,7.0,0.0,1.0,0.0,1.0,3.0,2.0,9.0,1.0,6.0,2.0,0.0,2.0,1.0,0.0,2.0,1.0,0.0,0.0,0.0,1.0,0.0,1.0,2.0,3.0,1.0,1.0,1.0,0.0,0.0,0.0,1.0,1.0,4.0,0.0,3.0,3.0,1.0,2.0,0.0,3.0,1.0,1.0,4.0,0.0,2.0,0.0,0.0,0.0,3.0,3.0,4.0,0.0,0.0,0.0,4.0,3.0,3.0,0.0,0.0,0.0,1.0,1.0,0.0,0.0,1.0,0.0,1.0,0.0,0.0,0.0,0.0,1.0,1.0,0.0,2.0,0.0,0.0,1.0,0.0,0.0,0.0,0.0,0.0,2.0,0.0,0.0,3.0,0.0,0.0,0.0,0.0,0.0,0.0,0.0,0.0,0.0,0.0,0.0,0.0,1.0,0.0,0.0,1.0,0.0,0.0,0.0,0.0,0.0,1.0,0.0,1.0,1.0,0.0,0.0,0.0,0.0,0.0,0.0,0.0,0.0,0.0,0.0,0.0,0.0,0.0,0.0,0.0
The Master and Servant,Lk,L,"['L', 'L (W)', 'L (Paf)']",2.0,11.0,2.0,26.0,7.0,4.0,5.0,1.0,3.0,3.0,0.0,0.0,2.0,5.0,0.0,2.0,0.0,0.0,7.0,2.0,1.0,1.0,0.0,0.0,1.0,1.0,1.0,0.0,1.0,5.0,7.0,2.0,0.0,1.0,2.0,0.0,0.0,4.0,1.0,7.0,4.0,13.0,0.0,1.0,3.0,0.0,2.0,7.0,0.0,0.0,0.0,21.0,2.0,16.0,2.0,2.0,9.0,8.0,4.0,2.0,3.0,1.0,32.0,16.0,28.0,4.0,12.0,3.0,9.0,3.0,12.0,7.0,1.0,1.0,1.0,4.0,2.0,1.0,2.0,5.0,3.0,3.0,4.0,0.0,17.0,1.0,13.0,0.0,0.0,1.0,0.0,0.0,0.0,1.0,0.0,0.0,0.0,2.0,0.0,1.0,0.0,0.0,0.0,0.0,0.0,1.0,2.0,0.0,0.0,0.0,0.0,0.0,0.0,0.0,0.0,0.0,1.0,5.0,0.0,0.0,1.0,1.0,4.0,0.0,0.0,2.0,0.0,2.0,0.0,1.0,0.0,0.0,0.0,0.0,0.0,0.0,0.0,0.0,0.0,4.0,0.0,0.0,0.0,0.0,0.0,0.0,0.0,0.0,0.0,2.0,0.0,0.0,0.0,0.0,0.0,0.0,0.0,0.0,0.0,0.0,0.0,0.0,0.0,0.0,0.0,0.0,0.0,0.0,0.0,4.109589041095891,0.589041095890411,0.410958904109589,3,0,7,1,3,0,10.0,36.0,23.666666666666668,73,9,26,12,32,5.2,0,0.04411764705882353,0,11,1.8333333333333333,27,0.4852941176470588,11,0,1,31,6,0,0,13.0,3,0,0,2.0,1.0,0.0,0.0,2.0,1.0,1.0,1.0,2.0,0.0,1.0,0.0,1.0,2.0,0.0,1.0,0.0,0.0,0.0,0.0,0.0,7.0,6.0,2.0,3.0,3.0,0.0,1.0,1.0,3.0,1.0,0.0,2.0,3.0,2.0,2.0,1.0,1.0,0.0,0.0,0.0,0.0,0.0,0.0,1.0,0.0,1.0,8.0,2.0,4.0,0.0,1.0,4.0,2.0,0.0,0.0,0.0,0.0,0.0,2.0,0.0,0.0,1.0,1.0,0.0,1.0,0.0,0.0,3.0,4.0,0.0,1.0,0.0,0.0,1.0,0.0,0.0,0.0,0.0,1.0,0.0,0.0,0.0,0.0,1.0,0.0,3.0,0.0,0.0,1.0,0.0,0.0,0.0,1.0,1.0,4.0,3.0,0.0,2.0,1.0,2.0,0.0,0.0,0.0,1.0,1.0,0.0,0.0,1.0,0.0,0.0,1.0,0.0,0.0,0.0,0.0,0.0,0.0,1.0,1.0,0.0,0.0,0.0,0.0,0.0,0.0,0.0,2.0,0.0,0.0,0.0,0.0,0.0,0.0,0.0,2.0,0.0,0.0,0.0,0.0,1.0,0.0,0.0,0.0,0.0,0.0,0.0,1.0,0.0,0.0,0.0,0.0,0.0,2.0,0.0,0.0,0.0,0.0,1.0,0.0,0.0,0.0,0.0,0.0,0.0,0.0,0.0,0.0,0.0,0.0,0.0,0.0,0.0,0.0,0.0,1.0,0.0,0.0,0.0,0.0,0.0,0.0,0.0,0.0,0.0,0.0,0.0,0.0,0.0,0.0
The Unjust Judge,Lk,L,"['L', 'L (Paf)']",3.0,14.0,0.0,26.0,12.0,18.0,24.0,3.0,12.0,6.0,1.0,0.0,0.0,6.0,1.0,13.0,1.0,2.0,5.0,3.0,1.0,0.0,0.0,2.0,3.0,3.0,4.0,3.0,4.0,2.0,3.0,0.0,0.0,0.0,2.0,2.0,0.0,12.0,7.0,13.0,3.0,6.0,0.0,4.0,6.0,2.0,1.0,1.0,0.0,0.0,1.0,20.0,2.0,15.0,0.0,2.0,14.0,7.0,6.0,4.0,1.0,4.0,79.0,9.0,71.0,7.0,2.0,7.0,17.0,17.0,25.0,11.0,7.0,2.0,1.0,13.0,2.0,4.0,1.0,6.0,2.0,5.0,6.0,2.0,36.0,24.0,23.0,9.0,14.0,8.0,1.0,0.0,0.0,0.0,0.0,1.0,0.0,6.0,0.0,4.0,0.0,1.0,0.0,0.0,0.0,4.0,0.0,0.0,4.0,3.0,1.0,1.0,0.0,0.0,0.0,0.0,0.0,6.0,0.0,0.0,1.0,4.0,18.0,0.0,0.0,0.0,0.0,1.0,0.0,2.0,0.0,0.0,0.0,0.0,3.0,1.0,0.0,0.0,1.0,1.0,0.0,0.0,0.0,0.0,0.0,0.0,0.0,0.0,2.0,1.0,0.0,0.0,0.0,0.0,0.0,0.0,0.0,0.0,0.0,0.0,0.0,0.0,0.0,0.0,0.0,0.0,0.0,0.0,0.0,3.7142857142857144,0.45864661654135336,0.5037593984962406,7,0,4,5,6,0,32.5,25.6,21.666666666666668,133,17,26,11,31,1.0833333333333333,0,0.096,0,14,1.2045454545454546,50,0.424,11,0,0,70,5,0,0,1.5,4,0,0,3.0,0.0,0.0,0.0,0.0,1.0,7.0,3.0,4.0,0.0,1.0,0.0,0.0,5.0,0.0,5.0,2.0,0.0,1.0,3.0,0.0,2.0,4.0,0.0,0.0,2.0,2.0,0.0,1.0,3.0,0.0,0.0,3.0,4.0,4.0,2.0,1.0,1.0,0.0,0.0,0.0,0.0,0.0,0.0,10.0,4.0,3.0,5.0,4.0,4.0,1.0,1.0,0.0,4.0,0.0,2.0,0.0,0.0,0.0,2.0,0.0,2.0,4.0,0.0,0.0,1.0,0.0,1.0,1.0,2.0,0.0,1.0,0.0,0.0,2.0,1.0,0.0,0.0,0.0,1.0,1.0,1.0,0.0,0.0,0.0,2.0,2.0,1.0,2.0,1.0,1.0,0.0,0.0,0.0,1.0,2.0,1.0,3.0,2.0,2.0,2.0,0.0,0.0,1.0,1.0,1.0,0.0,2.0,0.0,1.0,0.0,0.0,0.0,0.0,0.0,0.0,0.0,1.0,0.0,1.0,0.0,0.0,0.0,0.0,0.0,0.0,0.0,0.0,0.0,0.0,0.0,0.0,0.0,0.0,0.0,0.0,0.0,0.0,0.0,0.0,0.0,1.0,1.0,0.0,0.0,0.0,1.0,0.0,0.0,0.0,0.0,0.0,0.0,1.0,0.0,1.0,0.0,0.0,1.0,0.0,0.0,0.0,1.0,0.0,0.0,0.0,0.0,0.0,0.0,0.0,0.0,0.0,0.0,0.0,0.0,0.0,1.0,0.0,0.0,0.0,0.0,0.0,0.0,0.0,0.0,0.0,0.0,0.0,0.0,0.0
The Pharisee and the Publican,Lk,L,"['L', 'L (W)', 'L (Paf, without v. 9)']",12.0,12.0,1.0,26.0,9.0,21.0,16.0,5.0,7.0,7.0,1.0,0.0,1.0,5.0,1.0,11.0,1.0,1.0,4.0,4.0,0.0,2.0,1.0,0.0,3.0,3.0,7.0,3.0,3.0,0.0,2.0,0.0,1.0,3.0,2.0,2.0,0.0,9.0,6.0,11.0,2.0,7.0,0.0,3.0,5.0,2.0,0.0,2.0,0.0,0.0,2.0,18.0,5.0,12.0,4.0,3.0,15.0,8.0,6.0,6.0,1.0,6.0,64.0,25.0,56.0,7.0,18.0,7.0,35.0,6.0,26.0,6.0,24.0,2.0,2.0,16.0,1.0,3.0,3.0,6.0,2.0,0.0,7.0,2.0,58.0,3.0,52.0,1.0,2.0,1.0,4.0,0.0,0.0,1.0,0.0,0.0,0.0,2.0,0.0,3.0,0.0,0.0,0.0,0.0,0.0,1.0,0.0,0.0,0.0,1.0,0.0,3.0,0.0,0.0,0.0,0.0,1.0,4.0,0.0,0.0,0.0,0.0,21.0,0.0,0.0,0.0,0.0,3.0,0.0,4.0,0.0,0.0,0.0,0.0,2.0,1.0,0.0,0.0,2.0,2.0,0.0,0.0,0.0,0.0,0.0,0.0,0.0,0.0,1.0,0.0,0.0,0.0,0.0,0.0,0.0,0.0,0.0,0.0,0.0,0.0,0.0,1.0,0.0,0.0,0.0,1.0,0.0,0.0,0.0,4.233870967741935,0.5241935483870968,0.46774193548387094,3,2,12,4,6,0,10.166666666666666,24.0,20.0,124,35,26,11,31,1.625,3,0.05982905982905983,0,12,1.35,49,0.46153846153846156,9,3,2,73,6,0,0,2.3333333333333335,3,0,0,1.0,0.0,0.0,0.0,0.0,2.0,5.0,2.0,2.0,0.0,0.0,1.0,3.0,6.0,0.0,1.0,1.0,0.0,2.0,0.0,0.0,1.0,6.0,0.0,1.0,4.0,2.0,3.0,1.0,3.0,2.0,0.0,1.0,3.0,2.0,2.0,2.0,2.0,0.0,1.0,0.0,0.0,0.0,0.0,2.0,2.0,0.0,9.0,4.0,4.0,0.0,0.0,5.0,0.0,0.0,2.0,3.0,0.0,0.0,0.0,0.0,6.0,1.0,0.0,1.0,0.0,0.0,2.0,0.0,0.0,0.0,0.0,0.0,0.0,0.0,0.0,0.0,2.0,0.0,0.0,0.0,1.0,0.0,0.0,0.0,1.0,1.0,0.0,2.0,1.0,0.0,0.0,0.0,0.0,1.0,1.0,1.0,1.0,0.0,0.0,1.0,0.0,0.0,0.0,2.0,0.0,0.0,1.0,0.0,0.0,0.0,3.0,1.0,0.0,0.0,0.0,0.0,0.0,0.0,0.0,0.0,0.0,0.0,0.0,1.0,0.0,0.0,0.0,0.0,0.0,0.0,0.0,0.0,0.0,1.0,0.0,0.0,0.0,1.0,0.0,0.0,0.0,0.0,0.0,0.0,1.0,1.0,0.0,0.0,0.0,1.0,0.0,0.0,0.0,0.0,1.0,0.0,1.0,1.0,1.0,0.0,0.0,0.0,0.0,0.0,0.0,0.0,0.0,0.0,0.0,0.0,0.0,0.0,0.0,0.0,0.0,0.0,0.0,0.0,0.0,0.0,0.0,0.0,0.0,0.0,0.0,0.0,0.0,0.0,0.0
The Workers in the Vineyard,Mt,M,"['M', 'M (Bur)', 'M (Man)']",31.0,26.0,3.0,55.0,22.0,36.0,32.0,3.0,16.0,12.0,8.0,1.0,2.0,9.0,2.0,20.0,0.0,0.0,12.0,8.0,2.0,3.0,0.0,2.0,11.0,4.0,10.0,1.0,5.0,6.0,9.0,1.0,4.0,1.0,1.0,4.0,2.0,24.0,14.0,16.0,3.0,32.0,0.0,1.0,5.0,2.0,2.0,21.0,0.0,0.0,1.0,48.0,1.0,41.0,1.0,1.0,31.0,14.0,14.0,9.0,2.0,12.0,116.0,64.0,89.0,27.0,37.0,26.0,42.0,23.0,52.0,24.0,22.0,6.0,3.0,32.0,8.0,10.0,6.0,7.0,3.0,6.0,10.0,6.0,89.0,26.0,75.0,6.0,16.0,9.0,0.0,0.0,0.0,0.0,2.0,1.0,0.0,11.0,0.0,7.0,0.0,0.0,0.0,0.0,0.0,5.0,1.0,1.0,2.0,0.0,0.0,4.0,1.0,0.0,0.0,0.0,1.0,17.0,1.0,0.0,1.0,0.0,36.0,0.0,0.0,2.0,1.0,3.0,0.0,2.0,0.0,0.0,1.0,0.0,2.0,0.0,0.0,4.0,0.0,6.0,0.0,0.0,0.0,0.0,0.0,0.0,0.0,0.0,0.0,1.0,0.0,0.0,0.0,0.0,0.0,0.0,0.0,0.0,0.0,0.0,0.0,1.0,0.0,0.0,1.0,0.0,1.0,0.0,1.0,4.0778210116731515,0.38132295719844356,0.45525291828793774,8,0,5,11,14,0,51.0,20.666666666666668,18.0,257,42,55,12,33,1.71875,4,0.06666666666666667,0,26,1.5128205128205128,91,0.49166666666666664,11,4,3,142,6,0,0,32.0,6,0,1,1.0,0.0,1.0,2.0,0.0,5.0,7.0,0.0,2.0,1.0,0.0,3.0,10.0,8.0,1.0,6.0,3.0,1.0,2.0,1.0,0.0,9.0,5.0,3.0,1.0,0.0,4.0,3.0,0.0,8.0,2.0,1.0,7.0,6.0,6.0,5.0,3.0,3.0,0.0,1.0,1.0,0.0,0.0,1.0,10.0,5.0,3.0,16.0,5.0,7.0,1.0,3.0,8.0,3.0,1.0,4.0,4.0,0.0,0.0,2.0,0.0,11.0,0.0,0.0,0.0,0.0,0.0,0.0,1.0,1.0,0.0,1.0,0.0,0.0,0.0,3.0,0.0,2.0,0.0,0.0,0.0,0.0,0.0,0.0,0.0,4.0,5.0,0.0,1.0,2.0,0.0,1.0,0.0,0.0,0.0,6.0,0.0,2.0,5.0,0.0,1.0,0.0,2.0,0.0,1.0,2.0,1.0,0.0,2.0,0.0,0.0,6.0,0.0,0.0,0.0,0.0,0.0,0.0,0.0,4.0,1.0,0.0,0.0,2.0,1.0,1.0,0.0,1.0,0.0,2.0,0.0,0.0,0.0,0.0,2.0,1.0,0.0,0.0,0.0,0.0,4.0,0.0,0.0,0.0,0.0,1.0,1.0,0.0,1.0,0.0,2.0,0.0,0.0,0.0,0.0,0.0,0.0,0.0,0.0,0.0,0.0,0.0,0.0,0.0,1.0,1.0,0.0,0.0,2.0,0.0,0.0,0.0,0.0,0.0,0.0,0.0,0.0,1.0,1.0,0.0,0.0,0.0,0.0,0.0,0.0,0.0,0.0,0.0,0.0,0.0
The Two Sons,Mt,M,"['M', 'M (Bur)', 'M (Man)']",7.0,13.0,0.0,27.0,10.0,17.0,17.0,0.0,5.0,6.0,1.0,0.0,0.0,7.0,2.0,9.0,0.0,0.0,4.0,1.0,3.0,1.0,0.0,1.0,3.0,4.0,3.0,2.0,5.0,4.0,2.0,0.0,0.0,1.0,1.0,0.0,0.0,14.0,9.0,8.0,0.0,18.0,0.0,1.0,4.0,0.0,0.0,14.0,0.0,0.0,0.0,22.0,4.0,17.0,3.0,4.0,18.0,6.0,11.0,5.0,0.0,6.0,55.0,24.0,44.0,10.0,14.0,10.0,26.0,8.0,10.0,13.0,13.0,1.0,1.0,4.0,1.0,3.0,7.0,2.0,6.0,0.0,5.0,2.0,34.0,8.0,25.0,3.0,5.0,3.0,0.0,0.0,0.0,0.0,0.0,0.0,0.0,4.0,0.0,7.0,0.0,0.0,0.0,0.0,0.0,1.0,1.0,0.0,2.0,0.0,0.0,1.0,1.0,0.0,0.0,0.0,0.0,4.0,0.0,0.0,0.0,0.0,17.0,0.0,0.0,0.0,0.0,1.0,0.0,0.0,0.0,0.0,0.0,0.0,3.0,1.0,0.0,0.0,1.0,5.0,0.0,0.0,0.0,0.0,0.0,0.0,0.0,0.0,0.0,2.0,0.0,0.0,0.0,0.0,0.0,0.0,0.0,0.0,0.0,0.0,0.0,0.0,0.0,0.0,0.0,0.0,0.0,0.0,0.0,4.117117117117117,0.46846846846846846,0.4594594594594595,7,2,4,7,11,0,27.25,13.25,9.909090909090908,111,26,27,10,30,1.588235294117647,0,0.047619047619047616,0,13,1.457142857142857,42,0.4857142857142857,9,0,1,59,4,0,0,18.0,1,0,0,2.0,1.0,1.0,1.0,0.0,2.0,1.0,1.0,2.0,0.0,0.0,0.0,5.0,6.0,0.0,3.0,2.0,0.0,3.0,1.0,0.0,4.0,2.0,1.0,0.0,0.0,2.0,0.0,0.0,3.0,0.0,0.0,3.0,1.0,1.0,0.0,1.0,1.0,0.0,0.0,2.0,0.0,0.0,0.0,3.0,3.0,2.0,11.0,6.0,5.0,0.0,0.0,5.0,1.0,0.0,4.0,0.0,0.0,0.0,1.0,0.0,4.0,2.0,0.0,0.0,1.0,0.0,1.0,0.0,0.0,0.0,0.0,0.0,0.0,1.0,0.0,0.0,0.0,0.0,0.0,0.0,0.0,0.0,0.0,0.0,2.0,3.0,0.0,0.0,0.0,0.0,0.0,0.0,0.0,1.0,2.0,0.0,0.0,2.0,1.0,0.0,0.0,0.0,0.0,0.0,1.0,0.0,1.0,0.0,1.0,0.0,4.0,0.0,0.0,0.0,0.0,0.0,0.0,0.0,1.0,0.0,0.0,0.0,0.0,0.0,0.0,0.0,0.0,0.0,1.0,1.0,0.0,0.0,0.0,0.0,0.0,0.0,1.0,0.0,0.0,0.0,0.0,0.0,1.0,0.0,0.0,0.0,0.0,0.0,1.0,0.0,0.0,0.0,0.0,0.0,0.0,0.0,0.0,0.0,0.0,0.0,0.0,0.0,0.0,1.0,0.0,0.0,0.0,1.0,0.0,0.0,1.0,0.0,0.0,0.0,0.0,0.0,0.0,0.0,0.0,0.0,0.0,0.0,0.0,0.0,0.0,0.0,0.0,0.0,0.0
The Wicked Husbandmen,Mt,Triple,['Triple'],7.0,20.0,5.0,34.0,18.0,21.0,30.0,2.0,6.0,4.0,2.0,0.0,2.0,7.0,3.0,19.0,1.0,0.0,15.0,3.0,4.0,1.0,0.0,1.0,3.0,5.0,10.0,0.0,3.0,1.0,3.0,0.0,0.0,1.0,0.0,8.0,1.0,26.0,24.0,3.0,5.0,25.0,0.0,1.0,0.0,2.0,1.0,21.0,0.0,0.0,1.0,31.0,1.0,27.0,1.0,1.0,25.0,4.0,19.0,2.0,0.0,4.0,65.0,52.0,41.0,24.0,28.0,23.0,19.0,15.0,40.0,14.0,10.0,2.0,4.0,25.0,6.0,6.0,3.0,1.0,1.0,4.0,6.0,5.0,80.0,5.0,75.0,2.0,2.0,3.0,1.0,0.0,0.0,0.0,3.0,0.0,0.0,16.0,0.0,5.0,0.0,0.0,0.0,0.0,0.0,1.0,0.0,0.0,3.0,0.0,0.0,0.0,0.0,0.0,0.0,0.0,0.0,11.0,0.0,1.0,0.0,0.0,21.0,0.0,0.0,3.0,2.0,0.0,0.0,1.0,0.0,1.0,0.0,0.0,0.0,0.0,0.0,0.0,2.0,0.0,0.0,0.0,0.0,0.0,0.0,0.0,0.0,0.0,0.0,1.0,0.0,0.0,0.0,0.0,0.0,0.0,0.0,0.0,0.0,0.0,0.0,0.0,0.0,0.0,0.0,0.0,0.0,0.0,1.0,4.462025316455696,0.4177215189873418,0.4620253164556962,3,0,10,8,6,0,15.6,16.77777777777778,25.833333333333332,158,19,34,11,31,1.1333333333333333,3,0.04054054054054054,0,20,1.5106382978723405,67,0.4797297297297297,10,3,1,88,5,0,0,25.0,2,0,0,1.0,0.0,0.0,0.0,2.0,2.0,4.0,3.0,4.0,0.0,1.0,0.0,0.0,7.0,2.0,3.0,1.0,0.0,1.0,0.0,0.0,1.0,2.0,0.0,0.0,1.0,1.0,0.0,1.0,1.0,0.0,0.0,2.0,2.0,2.0,2.0,1.0,1.0,0.0,1.0,0.0,0.0,0.0,0.0,4.0,8.0,1.0,2.0,2.0,2.0,0.0,0.0,0.0,0.0,0.0,1.0,3.0,2.0,0.0,0.0,0.0,1.0,2.0,2.0,0.0,0.0,1.0,0.0,1.0,3.0,0.0,1.0,0.0,0.0,2.0,0.0,0.0,0.0,0.0,0.0,1.0,0.0,1.0,0.0,1.0,1.0,0.0,0.0,0.0,0.0,0.0,1.0,3.0,0.0,1.0,1.0,0.0,1.0,1.0,0.0,1.0,0.0,0.0,0.0,2.0,1.0,0.0,0.0,0.0,0.0,0.0,1.0,0.0,0.0,0.0,0.0,0.0,2.0,1.0,0.0,0.0,0.0,0.0,0.0,0.0,0.0,0.0,0.0,0.0,0.0,0.0,0.0,0.0,0.0,0.0,0.0,0.0,0.0,1.0,0.0,0.0,0.0,0.0,0.0,0.0,0.0,0.0,0.0,0.0,0.0,0.0,0.0,0.0,1.0,0.0,0.0,0.0,0.0,0.0,0.0,0.0,0.0,0.0,0.0,0.0,0.0,0.0,0.0,0.0,0.0,0.0,0.0,0.0,0.0,0.0,0.0,0.0,0.0,0.0,0.0,0.0,0.0,0.0,0.0,0.0,0.0,0.0,0.0,0.0,0.0
The Wicked Husbandmen,Mk,Triple,['Triple'],9.0,24.0,2.0,35.0,12.0,14.0,24.0,4.0,8.0,3.0,1.0,0.0,0.0,7.0,0.0,14.0,1.0,1.0,17.0,4.0,5.0,2.0,1.0,1.0,4.0,8.0,6.0,1.0,2.0,1.0,9.0,1.0,2.0,0.0,0.0,1.0,2.0,28.0,26.0,5.0,6.0,23.0,0.0,1.0,1.0,1.0,2.0,17.0,0.0,0.0,0.0,30.0,1.0,25.0,1.0,1.0,27.0,5.0,20.0,3.0,1.0,4.0,63.0,37.0,44.0,19.0,18.0,18.0,16.0,12.0,37.0,6.0,7.0,1.0,2.0,24.0,3.0,2.0,0.0,6.0,0.0,3.0,8.0,3.0,64.0,3.0,59.0,2.0,1.0,2.0,1.0,0.0,0.0,0.0,4.0,1.0,0.0,9.0,0.0,2.0,0.0,0.0,0.0,0.0,1.0,2.0,0.0,0.0,1.0,0.0,0.0,0.0,0.0,0.0,0.0,0.0,0.0,18.0,0.0,1.0,0.0,0.0,14.0,0.0,0.0,2.0,0.0,2.0,0.0,1.0,0.0,0.0,0.0,0.0,0.0,0.0,0.0,0.0,4.0,0.0,0.0,0.0,0.0,0.0,0.0,0.0,0.0,0.0,0.0,1.0,0.0,0.0,0.0,0.0,0.0,0.0,0.0,0.0,0.0,0.0,0.0,0.0,0.0,0.0,0.0,1.0,0.0,0.0,1.0,4.595890410958904,0.4520547945205479,0.4520547945205479,2,0,11,8,7,0,13.090909090909092,15.333333333333334,20.428571428571427,146,16,35,11,29,1.4583333333333333,1,0.058823529411764705,0,24,1.4782608695652173,57,0.5,10,1,2,71,5,0,0,23.0,4,0,0,1.0,0.0,1.0,2.0,1.0,1.0,3.0,3.0,2.0,0.0,1.0,1.0,3.0,4.0,0.0,3.0,2.0,0.0,0.0,1.0,0.0,0.0,1.0,0.0,0.0,0.0,1.0,0.0,0.0,2.0,0.0,0.0,4.0,4.0,3.0,4.0,1.0,1.0,0.0,0.0,0.0,0.0,0.0,0.0,7.0,4.0,0.0,2.0,2.0,2.0,0.0,0.0,0.0,0.0,1.0,1.0,1.0,0.0,0.0,0.0,0.0,0.0,0.0,3.0,0.0,0.0,1.0,0.0,2.0,2.0,0.0,1.0,0.0,0.0,1.0,0.0,0.0,0.0,0.0,0.0,1.0,0.0,0.0,0.0,0.0,1.0,0.0,0.0,0.0,1.0,0.0,0.0,2.0,0.0,1.0,0.0,0.0,1.0,0.0,1.0,0.0,0.0,0.0,0.0,3.0,0.0,0.0,0.0,0.0,0.0,0.0,1.0,0.0,0.0,0.0,0.0,0.0,2.0,0.0,0.0,0.0,0.0,0.0,0.0,0.0,0.0,0.0,0.0,0.0,0.0,0.0,0.0,0.0,0.0,0.0,0.0,0.0,0.0,1.0,0.0,0.0,0.0,0.0,0.0,0.0,1.0,0.0,0.0,0.0,0.0,1.0,0.0,0.0,1.0,0.0,0.0,0.0,0.0,0.0,0.0,0.0,0.0,0.0,0.0,0.0,0.0,0.0,0.0,0.0,0.0,0.0,0.0,0.0,0.0,0.0,0.0,0.0,0.0,0.0,0.0,0.0,0.0,0.0,0.0,0.0,0.0,0.0,0.0,0.0,0.0
The Wicked Husbandmen,Lk,Triple,['Triple'],6.0,19.0,0.0,37.0,10.0,20.0,24.0,6.0,5.0,4.0,3.0,0.0,0.0,6.0,4.0,16.0,2.0,1.0,10.0,3.0,3.0,2.0,0.0,0.0,4.0,4.0,7.0,1.0,2.0,5.0,6.0,2.0,0.0,0.0,0.0,1.0,0.0,23.0,20.0,3.0,7.0,26.0,0.0,1.0,1.0,0.0,3.0,20.0,0.0,0.0,1.0,28.0,1.0,20.0,1.0,1.0,22.0,8.0,12.0,4.0,1.0,7.0,67.0,35.0,47.0,19.0,16.0,19.0,24.0,12.0,35.0,5.0,11.0,2.0,4.0,18.0,4.0,0.0,3.0,9.0,0.0,2.0,10.0,1.0,67.0,5.0,62.0,2.0,3.0,2.0,0.0,0.0,0.0,0.0,1.0,1.0,0.0,7.0,0.0,7.0,0.0,0.0,0.0,0.0,0.0,2.0,0.0,0.0,0.0,0.0,0.0,0.0,0.0,0.0,0.0,0.0,0.0,10.0,0.0,0.0,0.0,1.0,20.0,0.0,0.0,0.0,0.0,0.0,0.0,5.0,0.0,1.0,0.0,0.0,0.0,0.0,0.0,0.0,3.0,0.0,0.0,0.0,0.0,0.0,0.0,0.0,0.0,0.0,0.0,2.0,0.0,0.0,0.0,0.0,0.0,0.0,0.0,0.0,0.0,0.0,0.0,0.0,0.0,0.0,0.0,0.0,0.0,0.0,0.0,4.47887323943662,0.4225352112676056,0.4225352112676056,4,0,6,8,11,0,23.333333333333332,15.11111111111111,12.636363636363637,142,24,37,10,30,1.5416666666666667,0,0.03759398496240601,0,19,1.5227272727272727,57,0.5037593984962406,10,0,2,76,5,0,0,26.0,8,0,0,2.0,1.0,2.0,1.0,0.0,3.0,2.0,1.0,1.0,0.0,1.0,0.0,2.0,9.0,0.0,4.0,1.0,0.0,3.0,0.0,0.0,0.0,3.0,0.0,0.0,1.0,2.0,0.0,0.0,2.0,0.0,0.0,1.0,8.0,7.0,7.0,3.0,3.0,0.0,2.0,0.0,0.0,0.0,0.0,6.0,4.0,1.0,2.0,2.0,2.0,0.0,0.0,0.0,0.0,0.0,1.0,0.0,0.0,0.0,0.0,0.0,1.0,2.0,4.0,0.0,1.0,0.0,0.0,3.0,3.0,0.0,1.0,0.0,0.0,1.0,0.0,0.0,0.0,0.0,0.0,1.0,0.0,1.0,0.0,0.0,2.0,0.0,0.0,1.0,1.0,0.0,0.0,0.0,0.0,0.0,0.0,0.0,0.0,0.0,0.0,0.0,0.0,0.0,0.0,4.0,0.0,0.0,0.0,0.0,0.0,0.0,2.0,0.0,0.0,0.0,0.0,0.0,2.0,1.0,0.0,0.0,0.0,0.0,0.0,0.0,0.0,0.0,0.0,0.0,0.0,0.0,0.0,0.0,0.0,0.0,0.0,0.0,0.0,0.0,0.0,0.0,0.0,0.0,0.0,0.0,1.0,0.0,0.0,0.0,0.0,1.0,2.0,0.0,1.0,0.0,0.0,0.0,0.0,0.0,1.0,0.0,0.0,0.0,0.0,0.0,0.0,0.0,1.0,0.0,1.0,0.0,0.0,0.0,0.0,0.0,0.0,0.0,0.0,0.0,0.0,0.0,0.0,0.0,0.0,0.0,0.0,0.0,0.0,0.0,0.0
The Great Banquet,Mt,Double,"['Double', 'L (W)', 'M (Bur)', 'M (Man)', 'Disputed Q (RHK)']",16.0,28.0,5.0,51.0,13.0,40.0,44.0,2.0,9.0,13.0,4.0,1.0,2.0,3.0,2.0,28.0,2.0,1.0,11.0,6.0,3.0,2.0,1.0,0.0,8.0,6.0,17.0,1.0,9.0,7.0,5.0,3.0,4.0,0.0,3.0,10.0,0.0,24.0,19.0,10.0,1.0,32.0,0.0,2.0,1.0,0.0,0.0,22.0,0.0,0.0,0.0,36.0,9.0,23.0,8.0,8.0,26.0,17.0,12.0,10.0,2.0,12.0,82.0,86.0,61.0,21.0,65.0,20.0,53.0,19.0,51.0,13.0,34.0,5.0,5.0,35.0,1.0,6.0,3.0,6.0,3.0,1.0,10.0,8.0,106.0,14.0,92.0,7.0,7.0,7.0,0.0,0.0,0.0,0.0,1.0,0.0,0.0,11.0,0.0,8.0,0.0,0.0,0.0,0.0,0.0,2.0,0.0,0.0,1.0,2.0,0.0,6.0,1.0,0.0,0.0,0.0,0.0,15.0,0.0,2.0,0.0,1.0,40.0,0.0,0.0,3.0,1.0,0.0,0.0,0.0,0.0,1.0,0.0,0.0,3.0,0.0,0.0,0.0,0.0,0.0,0.0,0.0,0.0,0.0,0.0,0.0,0.0,0.0,0.0,0.0,0.0,0.0,0.0,0.0,0.0,0.0,0.0,0.0,0.0,0.0,0.0,0.0,0.0,0.0,1.0,0.0,0.0,0.0,2.0,4.067226890756302,0.42857142857142855,0.42436974789915966,12,1,12,10,13,0,19.666666666666668,20.727272727272727,17.846153846153847,238,53,51,11,33,1.1590909090909092,2,0.04035874439461883,0,28,1.4415584415584415,88,0.4977578475336323,11,2,2,137,6,0,0,16.0,6,0,0,0.0,0.0,0.0,4.0,1.0,5.0,3.0,0.0,2.0,0.0,0.0,2.0,4.0,8.0,2.0,7.0,1.0,0.0,6.0,1.0,0.0,6.0,1.0,2.0,1.0,0.0,1.0,6.0,1.0,7.0,3.0,1.0,6.0,6.0,4.0,5.0,3.0,2.0,0.0,2.0,1.0,0.0,0.0,0.0,3.0,9.0,3.0,15.0,6.0,6.0,0.0,0.0,9.0,2.0,0.0,4.0,2.0,1.0,0.0,1.0,0.0,3.0,3.0,0.0,1.0,0.0,0.0,1.0,1.0,1.0,0.0,0.0,1.0,0.0,2.0,0.0,0.0,1.0,0.0,0.0,0.0,0.0,2.0,0.0,0.0,0.0,4.0,0.0,1.0,1.0,1.0,0.0,2.0,1.0,1.0,4.0,2.0,3.0,3.0,0.0,1.0,0.0,0.0,0.0,0.0,2.0,0.0,0.0,0.0,0.0,0.0,6.0,0.0,0.0,0.0,0.0,0.0,0.0,0.0,1.0,1.0,0.0,1.0,1.0,1.0,0.0,0.0,0.0,0.0,0.0,1.0,0.0,0.0,0.0,0.0,1.0,0.0,0.0,0.0,0.0,0.0,0.0,1.0,0.0,0.0,0.0,1.0,1.0,0.0,0.0,0.0,0.0,0.0,0.0,0.0,0.0,0.0,2.0,0.0,0.0,0.0,0.0,0.0,0.0,0.0,0.0,0.0,0.0,2.0,0.0,0.0,1.0,0.0,1.0,0.0,0.0,0.0,0.0,0.0,2.0,0.0,0.0,0.0,0.0,0.0,0.0,0.0,0.0,0.0,0.0
The Great Banquet,Lk,Double,"['Double', 'L (W)', 'M (Bur)', 'M (Man)', 'Disputed Q (RHK)']",16.0,25.0,2.0,51.0,15.0,24.0,29.0,4.0,6.0,6.0,7.0,0.0,2.0,11.0,3.0,17.0,1.0,0.0,11.0,7.0,5.0,1.0,1.0,2.0,4.0,3.0,9.0,2.0,2.0,6.0,12.0,1.0,6.0,1.0,3.0,3.0,1.0,19.0,10.0,13.0,2.0,30.0,0.0,1.0,3.0,0.0,1.0,17.0,0.0,0.0,1.0,36.0,6.0,24.0,6.0,4.0,28.0,9.0,16.0,3.0,1.0,6.0,105.0,32.0,90.0,14.0,18.0,14.0,28.0,22.0,36.0,14.0,13.0,3.0,5.0,23.0,2.0,5.0,4.0,7.0,5.0,1.0,6.0,3.0,66.0,14.0,52.0,6.0,7.0,5.0,0.0,0.0,0.0,0.0,0.0,1.0,0.0,8.0,0.0,2.0,0.0,1.0,0.0,0.0,1.0,4.0,0.0,0.0,1.0,0.0,0.0,2.0,1.0,0.0,0.0,0.0,0.0,19.0,0.0,0.0,0.0,0.0,24.0,0.0,0.0,1.0,1.0,2.0,0.0,3.0,0.0,0.0,1.0,0.0,1.0,0.0,0.0,0.0,1.0,3.0,0.0,0.0,0.0,0.0,0.0,0.0,0.0,0.0,2.0,0.0,0.0,0.0,0.0,0.0,0.0,0.0,0.0,0.0,0.0,0.0,0.0,0.0,0.0,0.0,0.0,0.0,0.0,0.0,0.0,4.267015706806283,0.4816753926701571,0.41361256544502617,13,0,10,10,13,0,18.8,16.636363636363637,14.461538461538462,191,28,51,11,33,1.7586206896551724,0,0.03333333333333333,0,25,1.7454545454545454,72,0.5333333333333333,11,0,1,101,6,0,0,30.0,9,0,0,2.0,0.0,1.0,2.0,1.0,2.0,2.0,0.0,1.0,0.0,1.0,1.0,6.0,11.0,0.0,4.0,0.0,0.0,1.0,0.0,0.0,8.0,9.0,2.0,0.0,5.0,2.0,5.0,0.0,7.0,2.0,3.0,9.0,9.0,6.0,7.0,6.0,4.0,0.0,2.0,1.0,0.0,0.0,1.0,11.0,4.0,2.0,14.0,8.0,8.0,2.0,1.0,4.0,0.0,0.0,1.0,0.0,0.0,0.0,0.0,0.0,3.0,2.0,0.0,2.0,0.0,1.0,0.0,1.0,1.0,1.0,1.0,1.0,0.0,2.0,0.0,0.0,1.0,0.0,0.0,1.0,1.0,0.0,0.0,0.0,4.0,4.0,0.0,0.0,3.0,0.0,0.0,0.0,0.0,1.0,7.0,1.0,0.0,6.0,0.0,2.0,0.0,1.0,0.0,1.0,4.0,0.0,0.0,0.0,0.0,0.0,2.0,1.0,1.0,0.0,0.0,0.0,0.0,0.0,4.0,0.0,0.0,0.0,1.0,3.0,0.0,0.0,2.0,1.0,2.0,0.0,0.0,0.0,0.0,1.0,0.0,0.0,0.0,1.0,2.0,0.0,0.0,0.0,0.0,0.0,1.0,1.0,1.0,0.0,1.0,0.0,0.0,0.0,0.0,0.0,0.0,0.0,0.0,1.0,0.0,1.0,0.0,0.0,0.0,0.0,0.0,0.0,0.0,2.0,0.0,0.0,0.0,0.0,0.0,0.0,0.0,0.0,0.0,0.0,0.0,0.0,0.0,0.0,0.0,0.0,0.0,0.0,0.0,0.0,0.0
The Budding Fig Tree,Mt,Triple,['Triple'],3.0,10.0,0.0,12.0,4.0,9.0,10.0,3.0,2.0,9.0,1.0,0.0,0.0,1.0,0.0,8.0,1.0,1.0,1.0,1.0,0.0,0.0,0.0,0.0,0.0,2.0,4.0,4.0,3.0,1.0,2.0,0.0,0.0,0.0,0.0,2.0,0.0,7.0,4.0,5.0,1.0,6.0,0.0,0.0,3.0,0.0,1.0,2.0,0.0,0.0,0.0,9.0,0.0,6.0,0.0,0.0,5.0,0.0,2.0,0.0,0.0,0.0,25.0,16.0,16.0,9.0,7.0,8.0,17.0,4.0,6.0,2.0,13.0,2.0,1.0,3.0,1.0,1.0,1.0,2.0,0.0,0.0,2.0,1.0,7.0,11.0,3.0,2.0,7.0,3.0,0.0,1.0,0.0,0.0,0.0,1.0,0.0,1.0,0.0,2.0,0.0,0.0,0.0,0.0,0.0,1.0,0.0,0.0,0.0,1.0,0.0,0.0,0.0,0.0,0.0,0.0,0.0,3.0,0.0,0.0,0.0,2.0,9.0,0.0,0.0,0.0,0.0,3.0,0.0,3.0,0.0,0.0,0.0,0.0,2.0,0.0,0.0,0.0,0.0,2.0,0.0,0.0,0.0,0.0,0.0,0.0,0.0,0.0,0.0,0.0,0.0,0.0,0.0,0.0,0.0,0.0,0.0,0.0,0.0,0.0,0.0,0.0,0.0,0.0,0.0,0.0,0.0,0.0,0.0,3.6956521739130435,0.5797101449275363,0.4492753623188406,1,0,5,3,3,0,13.4,16.5,22.0,69,17,12,10,27,1.2,0,0.03125,0,10,1.1904761904761905,26,0.390625,10,0,0,29,4,0,0,6.0,3,0,0,0.0,0.0,0.0,0.0,0.0,2.0,1.0,0.0,2.0,0.0,0.0,0.0,0.0,3.0,0.0,0.0,0.0,0.0,1.0,1.0,0.0,4.0,1.0,2.0,0.0,0.0,1.0,0.0,0.0,2.0,0.0,0.0,2.0,3.0,2.0,2.0,0.0,0.0,0.0,0.0,0.0,0.0,0.0,0.0,1.0,0.0,0.0,8.0,1.0,1.0,1.0,1.0,6.0,2.0,0.0,3.0,0.0,0.0,0.0,1.0,0.0,0.0,1.0,0.0,0.0,0.0,0.0,2.0,1.0,6.0,0.0,3.0,0.0,0.0,0.0,0.0,0.0,0.0,0.0,0.0,0.0,0.0,0.0,0.0,1.0,1.0,1.0,0.0,0.0,0.0,0.0,0.0,0.0,3.0,0.0,1.0,0.0,1.0,2.0,0.0,0.0,0.0,0.0,2.0,2.0,0.0,0.0,0.0,0.0,1.0,0.0,0.0,0.0,0.0,0.0,0.0,0.0,3.0,2.0,0.0,0.0,0.0,0.0,0.0,0.0,1.0,1.0,0.0,0.0,0.0,0.0,0.0,0.0,0.0,0.0,1.0,0.0,0.0,0.0,0.0,1.0,0.0,0.0,0.0,0.0,0.0,0.0,1.0,0.0,0.0,0.0,0.0,0.0,0.0,0.0,0.0,0.0,0.0,0.0,0.0,0.0,0.0,0.0,0.0,0.0,0.0,0.0,0.0,0.0,0.0,0.0,0.0,0.0,0.0,0.0,1.0,0.0,0.0,0.0,0.0,0.0,0.0,0.0,0.0,0.0,0.0,0.0,0.0,0.0,0.0
The Budding Fig Tree,Mk,Triple,['Triple'],2.0,9.0,1.0,14.0,4.0,9.0,10.0,3.0,3.0,9.0,0.0,0.0,0.0,1.0,0.0,8.0,1.0,0.0,2.0,0.0,0.0,0.0,0.0,0.0,0.0,2.0,5.0,4.0,3.0,1.0,3.0,0.0,0.0,0.0,0.0,2.0,1.0,8.0,4.0,7.0,2.0,5.0,0.0,0.0,5.0,0.0,0.0,2.0,0.0,0.0,0.0,9.0,0.0,6.0,0.0,0.0,6.0,1.0,3.0,0.0,0.0,0.0,26.0,17.0,18.0,8.0,9.0,7.0,17.0,5.0,6.0,2.0,12.0,3.0,1.0,3.0,1.0,1.0,1.0,2.0,0.0,0.0,2.0,2.0,8.0,11.0,3.0,2.0,7.0,4.0,0.0,0.0,0.0,0.0,0.0,1.0,0.0,1.0,0.0,2.0,0.0,0.0,0.0,0.0,0.0,1.0,0.0,0.0,0.0,1.0,0.0,0.0,0.0,0.0,0.0,0.0,0.0,3.0,0.0,0.0,0.0,2.0,9.0,0.0,0.0,1.0,0.0,3.0,0.0,3.0,0.0,0.0,0.0,0.0,2.0,0.0,0.0,0.0,0.0,2.0,0.0,0.0,0.0,0.0,0.0,0.0,0.0,0.0,0.0,0.0,0.0,0.0,0.0,0.0,0.0,0.0,0.0,0.0,0.0,0.0,0.0,0.0,0.0,0.0,0.0,0.0,0.0,0.0,0.0,3.8285714285714287,0.5714285714285714,0.44285714285714284,1,0,5,3,3,0,13.6,16.75,22.333333333333332,70,17,14,11,28,1.4,0,0.046153846153846156,0,9,1.2380952380952381,26,0.4,9,0,0,30,4,0,0,5.0,5,0,0,0.0,0.0,0.0,0.0,0.0,0.0,1.0,0.0,2.0,0.0,0.0,0.0,2.0,4.0,0.0,0.0,0.0,0.0,1.0,1.0,1.0,4.0,1.0,1.0,0.0,0.0,1.0,0.0,0.0,2.0,0.0,0.0,2.0,5.0,3.0,2.0,0.0,0.0,0.0,0.0,0.0,0.0,0.0,0.0,1.0,0.0,0.0,8.0,1.0,2.0,0.0,1.0,6.0,1.0,0.0,2.0,0.0,0.0,0.0,1.0,0.0,0.0,1.0,1.0,0.0,0.0,0.0,2.0,1.0,5.0,0.0,2.0,0.0,0.0,0.0,0.0,1.0,0.0,0.0,0.0,0.0,0.0,0.0,0.0,1.0,1.0,2.0,0.0,0.0,0.0,0.0,0.0,0.0,3.0,0.0,2.0,1.0,0.0,3.0,0.0,1.0,0.0,0.0,0.0,1.0,0.0,0.0,0.0,0.0,1.0,0.0,1.0,0.0,0.0,0.0,0.0,0.0,2.0,2.0,0.0,0.0,0.0,0.0,0.0,0.0,1.0,0.0,0.0,0.0,0.0,0.0,0.0,0.0,0.0,0.0,1.0,0.0,0.0,0.0,0.0,1.0,0.0,0.0,0.0,0.0,1.0,0.0,2.0,0.0,0.0,0.0,0.0,0.0,1.0,0.0,0.0,0.0,0.0,0.0,0.0,0.0,0.0,0.0,0.0,0.0,0.0,0.0,0.0,0.0,0.0,0.0,0.0,0.0,1.0,0.0,0.0,0.0,0.0,0.0,0.0,1.0,0.0,0.0,0.0,0.0,0.0,0.0,0.0,0.0,0.0
The Budding Fig Tree,Lk,Triple,['Triple'],2.0,10.0,0.0,15.0,5.0,9.0,10.0,2.0,1.0,10.0,0.0,0.0,0.0,1.0,0.0,8.0,1.0,1.0,3.0,2.0,1.0,0.0,0.0,0.0,0.0,3.0,5.0,3.0,4.0,1.0,2.0,0.0,1.0,1.0,0.0,2.0,0.0,8.0,3.0,7.0,2.0,6.0,0.0,0.0,5.0,0.0,0.0,3.0,0.0,0.0,0.0,11.0,0.0,9.0,0.0,0.0,7.0,2.0,3.0,0.0,0.0,1.0,23.0,20.0,16.0,7.0,13.0,6.0,16.0,4.0,8.0,2.0,12.0,3.0,0.0,5.0,1.0,0.0,1.0,2.0,0.0,1.0,1.0,1.0,9.0,10.0,4.0,3.0,5.0,3.0,1.0,1.0,0.0,0.0,0.0,1.0,0.0,1.0,0.0,1.0,0.0,0.0,0.0,0.0,0.0,1.0,0.0,0.0,0.0,0.0,0.0,0.0,0.0,0.0,0.0,0.0,0.0,4.0,0.0,0.0,0.0,2.0,9.0,0.0,0.0,0.0,0.0,3.0,0.0,2.0,0.0,0.0,0.0,0.0,2.0,0.0,0.0,0.0,0.0,2.0,0.0,0.0,0.0,0.0,0.0,0.0,0.0,0.0,0.0,0.0,0.0,0.0,0.0,0.0,0.0,0.0,0.0,0.0,0.0,0.0,0.0,0.0,0.0,0.0,0.0,0.0,0.0,0.0,0.0,3.7083333333333335,0.5416666666666666,0.4166666666666667,2,0,5,3,4,0,14.0,17.25,17.0,72,16,15,10,28,1.5,0,0.015151515151515152,0,10,1.35,26,0.4090909090909091,9,0,0,30,4,0,0,6.0,4,0,0,0.0,0.0,0.0,0.0,0.0,0.0,1.0,1.0,2.0,0.0,0.0,0.0,1.0,2.0,0.0,1.0,0.0,0.0,1.0,0.0,0.0,4.0,1.0,1.0,0.0,0.0,1.0,0.0,0.0,2.0,0.0,0.0,2.0,4.0,2.0,1.0,0.0,0.0,0.0,0.0,0.0,0.0,0.0,0.0,1.0,0.0,1.0,8.0,2.0,1.0,2.0,1.0,5.0,2.0,0.0,1.0,0.0,0.0,0.0,1.0,0.0,0.0,1.0,1.0,0.0,0.0,0.0,1.0,1.0,4.0,0.0,1.0,0.0,0.0,0.0,0.0,0.0,0.0,0.0,0.0,0.0,0.0,0.0,0.0,1.0,1.0,3.0,0.0,0.0,0.0,0.0,0.0,0.0,4.0,0.0,2.0,1.0,0.0,3.0,0.0,1.0,0.0,0.0,0.0,1.0,0.0,0.0,0.0,0.0,1.0,0.0,2.0,0.0,0.0,0.0,0.0,0.0,2.0,1.0,1.0,0.0,0.0,0.0,0.0,0.0,0.0,1.0,0.0,0.0,0.0,0.0,0.0,0.0,0.0,0.0,1.0,0.0,0.0,0.0,0.0,1.0,0.0,0.0,0.0,0.0,1.0,0.0,2.0,0.0,0.0,0.0,0.0,0.0,2.0,0.0,0.0,0.0,0.0,0.0,0.0,0.0,0.0,0.0,0.0,0.0,0.0,0.0,0.0,0.0,0.0,0.0,0.0,0.0,0.0,0.0,1.0,0.0,0.0,0.0,0.0,0.0,0.0,0.0,0.0,0.0,0.0,0.0,0.0,0.0,0.0
The Faithful Servant,Mt,Triple,"['Triple', 'Disputed Q (RHK)', 'Partially L (W)', 'Partially L (Paf)']",6.0,18.0,5.0,34.0,14.0,26.0,29.0,5.0,9.0,9.0,1.0,1.0,2.0,6.0,3.0,21.0,3.0,1.0,7.0,6.0,1.0,1.0,1.0,2.0,4.0,3.0,9.0,2.0,6.0,4.0,4.0,2.0,1.0,2.0,3.0,7.0,0.0,21.0,17.0,18.0,6.0,8.0,1.0,0.0,10.0,3.0,1.0,4.0,0.0,1.0,0.0,27.0,1.0,21.0,1.0,0.0,20.0,4.0,12.0,2.0,0.0,4.0,98.0,21.0,88.0,10.0,10.0,10.0,36.0,23.0,15.0,18.0,23.0,6.0,4.0,5.0,2.0,10.0,4.0,5.0,3.0,2.0,4.0,4.0,62.0,18.0,49.0,7.0,10.0,8.0,0.0,2.0,0.0,0.0,0.0,0.0,1.0,10.0,0.0,3.0,0.0,1.0,0.0,0.0,0.0,1.0,0.0,0.0,4.0,2.0,1.0,0.0,0.0,0.0,0.0,0.0,0.0,9.0,0.0,0.0,2.0,0.0,26.0,0.0,0.0,5.0,0.0,4.0,0.0,1.0,0.0,1.0,0.0,0.0,5.0,0.0,0.0,0.0,0.0,3.0,0.0,0.0,0.0,0.0,0.0,0.0,0.0,0.0,0.0,1.0,0.0,0.0,0.0,0.0,0.0,0.0,0.0,0.0,0.0,0.0,0.0,0.0,0.0,0.0,1.0,0.0,0.0,0.0,0.0,3.9069767441860463,0.4476744186046512,0.48255813953488375,2,0,8,5,4,0,20.875,27.833333333333332,42.25,172,36,34,12,32,1.1724137931034482,2,0.055900621118012424,0,18,1.3018867924528301,71,0.42857142857142855,12,2,1,92,6,0,0,8.0,6,0,0,3.0,1.0,0.0,0.0,0.0,1.0,1.0,0.0,3.0,0.0,0.0,0.0,0.0,3.0,2.0,6.0,2.0,0.0,0.0,3.0,0.0,5.0,1.0,2.0,0.0,0.0,1.0,1.0,2.0,3.0,0.0,0.0,3.0,6.0,5.0,5.0,3.0,2.0,0.0,1.0,0.0,0.0,0.0,0.0,12.0,3.0,2.0,8.0,5.0,5.0,0.0,0.0,3.0,3.0,0.0,2.0,2.0,3.0,1.0,2.0,0.0,2.0,0.0,2.0,1.0,2.0,0.0,0.0,1.0,4.0,1.0,1.0,0.0,0.0,0.0,0.0,0.0,1.0,1.0,0.0,1.0,0.0,0.0,0.0,0.0,1.0,2.0,0.0,0.0,0.0,2.0,0.0,0.0,0.0,0.0,3.0,0.0,0.0,3.0,0.0,3.0,1.0,1.0,0.0,0.0,2.0,0.0,0.0,0.0,0.0,1.0,3.0,1.0,0.0,0.0,3.0,0.0,2.0,1.0,1.0,0.0,0.0,0.0,0.0,1.0,0.0,0.0,0.0,0.0,0.0,0.0,0.0,0.0,0.0,0.0,0.0,1.0,0.0,0.0,1.0,1.0,0.0,0.0,0.0,0.0,1.0,0.0,0.0,0.0,0.0,0.0,0.0,0.0,1.0,0.0,0.0,0.0,0.0,1.0,0.0,0.0,0.0,2.0,0.0,0.0,0.0,0.0,0.0,0.0,0.0,0.0,0.0,0.0,2.0,0.0,0.0,0.0,0.0,0.0,0.0,0.0,1.0,0.0,0.0,0.0,0.0,0.0,0.0,0.0,0.0
The Faithful Servant,Mk,Triple,"['Triple', 'Disputed Q (RHK)', 'Partially L (W)', 'Partially L (Paf)']",3.0,12.0,1.0,13.0,5.0,7.0,10.0,0.0,0.0,5.0,0.0,0.0,0.0,1.0,1.0,7.0,0.0,0.0,3.0,2.0,0.0,2.0,0.0,0.0,0.0,2.0,2.0,4.0,2.0,2.0,4.0,0.0,0.0,1.0,0.0,3.0,0.0,4.0,2.0,7.0,0.0,5.0,0.0,0.0,4.0,0.0,0.0,3.0,0.0,0.0,0.0,11.0,0.0,8.0,0.0,0.0,5.0,4.0,2.0,1.0,1.0,2.0,30.0,9.0,24.0,6.0,3.0,5.0,7.0,6.0,10.0,7.0,3.0,1.0,2.0,5.0,2.0,3.0,1.0,0.0,1.0,1.0,2.0,2.0,17.0,7.0,11.0,3.0,3.0,3.0,0.0,0.0,0.0,0.0,0.0,0.0,0.0,3.0,0.0,1.0,0.0,0.0,0.0,0.0,0.0,0.0,0.0,0.0,0.0,0.0,0.0,0.0,1.0,0.0,0.0,0.0,4.0,2.0,0.0,0.0,0.0,1.0,7.0,0.0,0.0,1.0,0.0,0.0,0.0,0.0,0.0,1.0,0.0,0.0,1.0,0.0,0.0,0.0,0.0,2.0,0.0,0.0,0.0,0.0,0.0,0.0,0.0,0.0,0.0,0.0,0.0,0.0,0.0,0.0,0.0,0.0,0.0,0.0,0.0,0.0,0.0,1.0,0.0,0.0,0.0,0.0,0.0,0.0,0.0,4.114754098360656,0.639344262295082,0.4098360655737705,2,0,6,2,3,0,9.666666666666666,19.666666666666668,19.333333333333332,61,7,13,8,28,1.3,0,0.0,0,12,1.368421052631579,25,0.4642857142857143,7,0,2,30,4,0,0,5.0,2,0,0,0.0,0.0,1.0,0.0,1.0,1.0,0.0,0.0,2.0,0.0,0.0,0.0,2.0,2.0,0.0,1.0,0.0,0.0,0.0,0.0,0.0,3.0,2.0,1.0,0.0,1.0,0.0,1.0,0.0,1.0,0.0,0.0,2.0,2.0,2.0,2.0,0.0,0.0,0.0,0.0,0.0,0.0,0.0,0.0,1.0,3.0,1.0,4.0,2.0,2.0,1.0,1.0,1.0,0.0,0.0,1.0,0.0,0.0,0.0,0.0,0.0,0.0,3.0,0.0,0.0,0.0,0.0,1.0,0.0,2.0,0.0,0.0,0.0,0.0,0.0,0.0,0.0,1.0,0.0,1.0,0.0,0.0,0.0,0.0,0.0,1.0,1.0,0.0,0.0,0.0,0.0,0.0,1.0,0.0,0.0,2.0,0.0,0.0,1.0,0.0,1.0,0.0,0.0,0.0,0.0,1.0,0.0,0.0,0.0,0.0,0.0,1.0,2.0,0.0,0.0,0.0,0.0,1.0,0.0,1.0,0.0,0.0,1.0,0.0,1.0,0.0,0.0,1.0,0.0,0.0,0.0,0.0,0.0,0.0,0.0,0.0,0.0,0.0,0.0,0.0,0.0,0.0,0.0,0.0,0.0,0.0,0.0,0.0,0.0,0.0,0.0,0.0,0.0,1.0,0.0,0.0,0.0,0.0,0.0,0.0,0.0,0.0,0.0,0.0,0.0,0.0,0.0,0.0,0.0,0.0,0.0,0.0,0.0,0.0,0.0,0.0,0.0,0.0,0.0,0.0,0.0,0.0,0.0,0.0,0.0,0.0,0.0,0.0,0.0,0.0
The Faithful Servant,Lk,Triple,"['Triple', 'Disputed Q (RHK)', 'Partially L (W)', 'Partially L (Paf)']",20.0,35.0,8.0,63.0,23.0,40.0,41.0,8.0,14.0,14.0,4.0,3.0,5.0,10.0,3.0,31.0,5.0,2.0,16.0,6.0,0.0,1.0,1.0,2.0,7.0,2.0,14.0,3.0,8.0,8.0,14.0,4.0,1.0,4.0,3.0,9.0,2.0,34.0,28.0,25.0,14.0,22.0,1.0,0.0,12.0,5.0,7.0,9.0,0.0,1.0,0.0,47.0,8.0,37.0,5.0,2.0,31.0,16.0,18.0,6.0,6.0,8.0,147.0,51.0,124.0,22.0,28.0,23.0,64.0,29.0,36.0,28.0,43.0,6.0,5.0,16.0,3.0,16.0,5.0,10.0,5.0,5.0,9.0,6.0,105.0,28.0,85.0,9.0,17.0,11.0,1.0,1.0,0.0,0.0,0.0,0.0,1.0,15.0,0.0,7.0,0.0,0.0,0.0,0.0,0.0,2.0,1.0,0.0,6.0,2.0,1.0,0.0,0.0,0.0,0.0,0.0,2.0,18.0,0.0,0.0,1.0,2.0,40.0,0.0,0.0,8.0,0.0,4.0,0.0,2.0,0.0,0.0,0.0,0.0,4.0,0.0,0.0,0.0,3.0,5.0,0.0,0.0,0.0,0.0,0.0,0.0,0.0,0.0,0.0,1.0,0.0,0.0,0.0,0.0,0.0,0.0,0.0,0.0,0.0,0.0,0.0,0.0,0.0,0.0,1.0,1.0,0.0,0.0,0.0,4.136842105263158,0.3929824561403509,0.45263157894736844,6,1,18,9,7,0,15.61111111111111,27.7,40.142857142857146,285,64,63,12,33,1.5365853658536586,4,0.05185185185185185,0,35,1.3932584269662922,116,0.45925925925925926,12,4,1,158,6,0,0,22.0,8,0,0,2.0,1.0,1.0,1.0,0.0,5.0,4.0,2.0,8.0,0.0,0.0,3.0,4.0,9.0,2.0,7.0,1.0,0.0,1.0,3.0,0.0,4.0,2.0,1.0,0.0,0.0,2.0,1.0,4.0,6.0,0.0,0.0,6.0,8.0,4.0,7.0,7.0,3.0,3.0,1.0,1.0,0.0,0.0,1.0,14.0,6.0,4.0,18.0,9.0,10.0,0.0,1.0,8.0,2.0,0.0,5.0,4.0,2.0,1.0,2.0,3.0,5.0,0.0,2.0,3.0,0.0,1.0,0.0,7.0,6.0,1.0,2.0,0.0,0.0,0.0,0.0,0.0,1.0,1.0,2.0,2.0,0.0,0.0,0.0,2.0,2.0,3.0,0.0,0.0,1.0,1.0,0.0,0.0,1.0,0.0,3.0,0.0,1.0,3.0,0.0,2.0,1.0,2.0,0.0,1.0,2.0,0.0,0.0,0.0,0.0,0.0,5.0,1.0,0.0,1.0,2.0,0.0,2.0,1.0,1.0,0.0,0.0,0.0,0.0,1.0,0.0,0.0,0.0,0.0,0.0,0.0,0.0,0.0,0.0,0.0,0.0,1.0,0.0,0.0,0.0,1.0,0.0,0.0,0.0,0.0,2.0,1.0,1.0,0.0,1.0,0.0,0.0,0.0,2.0,0.0,0.0,0.0,0.0,0.0,0.0,0.0,0.0,1.0,0.0,0.0,0.0,0.0,0.0,1.0,0.0,0.0,0.0,0.0,2.0,0.0,0.0,0.0,0.0,0.0,0.0,0.0,2.0,1.0,0.0,0.0,0.0,0.0,0.0,0.0,0.0
The Ten Virgins,Mt,M,"['M', 'M (Bur, v. 12 out of M)', 'M (Man)']",16.0,22.0,1.0,37.0,18.0,27.0,28.0,1.0,10.0,9.0,5.0,0.0,1.0,6.0,2.0,18.0,1.0,1.0,6.0,8.0,2.0,3.0,0.0,2.0,5.0,3.0,7.0,2.0,6.0,4.0,6.0,1.0,4.0,3.0,1.0,7.0,0.0,19.0,14.0,11.0,1.0,20.0,0.0,2.0,2.0,0.0,1.0,11.0,0.0,0.0,2.0,27.0,6.0,20.0,3.0,4.0,21.0,8.0,12.0,5.0,0.0,4.0,42.0,85.0,26.0,15.0,70.0,15.0,40.0,25.0,20.0,12.0,25.0,5.0,3.0,9.0,2.0,5.0,2.0,3.0,3.0,2.0,6.0,9.0,21.0,63.0,12.0,9.0,49.0,9.0,5.0,0.0,0.0,0.0,0.0,0.0,0.0,5.0,0.0,9.0,0.0,0.0,0.0,0.0,0.0,4.0,2.0,0.0,1.0,0.0,0.0,3.0,1.0,0.0,0.0,0.0,0.0,8.0,0.0,0.0,3.0,1.0,27.0,0.0,0.0,0.0,1.0,2.0,0.0,0.0,0.0,1.0,0.0,0.0,4.0,1.0,0.0,0.0,1.0,4.0,0.0,0.0,0.0,0.0,0.0,0.0,0.0,0.0,0.0,0.0,0.0,0.0,0.0,0.0,0.0,0.0,0.0,0.0,0.0,0.0,0.0,0.0,0.0,0.0,0.0,0.0,0.0,0.0,0.0,4.0864864864864865,0.41081081081081083,0.4486486486486487,5,0,9,11,9,0,20.333333333333332,14.5,20.11111111111111,185,40,37,11,33,1.3214285714285714,2,0.05847953216374269,1,22,1.3728813559322033,69,0.47368421052631576,9,2,3,99,6,0,0,10.0,4,0,0,0.0,0.0,2.0,2.0,0.0,4.0,4.0,3.0,2.0,0.0,0.0,1.0,5.0,5.0,1.0,3.0,2.0,0.0,4.0,2.0,0.0,7.0,2.0,2.0,0.0,1.0,0.0,3.0,0.0,7.0,0.0,0.0,7.0,4.0,3.0,3.0,1.0,0.0,0.0,0.0,2.0,0.0,1.0,0.0,12.0,5.0,1.0,7.0,0.0,0.0,4.0,4.0,3.0,2.0,0.0,5.0,2.0,1.0,0.0,1.0,1.0,4.0,1.0,0.0,1.0,0.0,0.0,1.0,0.0,1.0,0.0,0.0,1.0,0.0,1.0,0.0,0.0,2.0,0.0,1.0,0.0,0.0,0.0,0.0,3.0,1.0,4.0,0.0,0.0,1.0,2.0,0.0,0.0,1.0,1.0,6.0,2.0,0.0,4.0,0.0,3.0,0.0,0.0,0.0,0.0,3.0,0.0,1.0,0.0,0.0,0.0,2.0,0.0,0.0,0.0,0.0,0.0,0.0,0.0,3.0,0.0,0.0,1.0,0.0,2.0,0.0,0.0,1.0,0.0,0.0,0.0,0.0,0.0,0.0,0.0,0.0,0.0,0.0,0.0,0.0,0.0,0.0,1.0,1.0,0.0,0.0,1.0,0.0,0.0,1.0,0.0,0.0,1.0,0.0,0.0,0.0,0.0,0.0,0.0,0.0,0.0,0.0,0.0,0.0,0.0,0.0,0.0,0.0,3.0,0.0,0.0,0.0,0.0,0.0,0.0,0.0,0.0,0.0,0.0,0.0,0.0,0.0,0.0,0.0,0.0,0.0,0.0,0.0,0.0,0.0
The Talents or Minas,Mt,Double,"['Double', 'Disputed Q (RHK)', 'M (Bur)', 'M (Man)', 'L (W)']",44.0,38.0,4.0,70.0,24.0,43.0,46.0,1.0,15.0,13.0,2.0,1.0,1.0,8.0,5.0,20.0,1.0,1.0,16.0,8.0,6.0,4.0,1.0,1.0,5.0,7.0,12.0,7.0,7.0,14.0,13.0,1.0,7.0,1.0,2.0,10.0,1.0,23.0,14.0,15.0,6.0,42.0,1.0,5.0,4.0,2.0,3.0,28.0,1.0,1.0,3.0,60.0,6.0,51.0,5.0,5.0,43.0,21.0,27.0,10.0,6.0,15.0,173.0,58.0,144.0,29.0,29.0,28.0,41.0,27.0,82.0,21.0,20.0,7.0,7.0,48.0,11.0,5.0,3.0,14.0,1.0,10.0,11.0,3.0,98.0,10.0,70.0,2.0,5.0,3.0,0.0,1.0,0.0,0.0,5.0,2.0,0.0,13.0,0.0,8.0,0.0,0.0,0.0,0.0,0.0,4.0,0.0,1.0,2.0,4.0,0.0,3.0,2.0,0.0,0.0,0.0,0.0,21.0,1.0,1.0,2.0,1.0,43.0,0.0,0.0,4.0,0.0,2.0,0.0,0.0,0.0,2.0,0.0,0.0,4.0,0.0,0.0,0.0,0.0,7.0,1.0,0.0,0.0,0.0,0.0,0.0,0.0,0.0,0.0,0.0,0.0,0.0,0.0,0.0,0.0,0.0,0.0,0.0,0.0,0.0,0.0,0.0,0.0,0.0,0.0,0.0,1.0,0.0,0.0,4.2125,0.31875,0.421875,7,0,16,10,18,0,19.8125,28.272727272727273,17.444444444444443,320,41,70,11,33,1.5217391304347827,16,0.04966887417218543,2,38,1.6666666666666667,110,0.5298013245033113,10,16,4,183,7,0,0,8.4,4,0,0,0.0,0.0,0.0,0.0,0.0,7.0,5.0,4.0,6.0,0.0,0.0,6.0,8.0,13.0,1.0,7.0,2.0,0.0,3.0,1.0,0.0,14.0,11.0,3.0,6.0,3.0,3.0,1.0,1.0,9.0,1.0,1.0,8.0,4.0,4.0,3.0,1.0,1.0,0.0,1.0,12.0,1.0,6.0,6.0,10.0,8.0,4.0,64.0,24.0,25.0,2.0,3.0,37.0,4.0,6.0,4.0,16.0,1.0,0.0,1.0,1.0,13.0,1.0,1.0,0.0,0.0,0.0,3.0,1.0,0.0,0.0,0.0,0.0,0.0,0.0,2.0,0.0,0.0,0.0,0.0,0.0,0.0,2.0,0.0,2.0,2.0,6.0,2.0,0.0,0.0,3.0,0.0,3.0,0.0,1.0,5.0,0.0,0.0,5.0,0.0,1.0,0.0,4.0,0.0,0.0,2.0,0.0,0.0,0.0,1.0,0.0,2.0,0.0,0.0,0.0,0.0,1.0,0.0,0.0,4.0,0.0,0.0,0.0,2.0,0.0,1.0,2.0,5.0,0.0,1.0,1.0,0.0,0.0,0.0,0.0,0.0,0.0,0.0,0.0,0.0,0.0,0.0,1.0,0.0,0.0,0.0,0.0,0.0,2.0,2.0,0.0,0.0,0.0,0.0,0.0,0.0,0.0,0.0,0.0,0.0,0.0,0.0,0.0,0.0,0.0,0.0,0.0,0.0,3.0,0.0,0.0,0.0,0.0,0.0,0.0,0.0,0.0,0.0,0.0,0.0,0.0,0.0,0.0,5.0,2.0,0.0,0.0,0.0,0.0,0.0
The Talents or Minas,Lk,Double,"['Double', 'Disputed Q (RHK)', 'M (Bur)', 'M (Man)', 'L (W)']",21.0,28.0,8.0,72.0,31.0,21.0,34.0,4.0,18.0,12.0,0.0,0.0,4.0,13.0,3.0,9.0,1.0,0.0,13.0,10.0,5.0,3.0,0.0,2.0,2.0,9.0,6.0,1.0,8.0,13.0,12.0,2.0,2.0,1.0,3.0,7.0,3.0,25.0,16.0,23.0,3.0,40.0,2.0,3.0,7.0,3.0,1.0,25.0,1.0,1.0,0.0,58.0,4.0,46.0,4.0,4.0,42.0,16.0,21.0,12.0,0.0,15.0,141.0,47.0,115.0,25.0,22.0,25.0,34.0,19.0,56.0,21.0,18.0,6.0,8.0,31.0,13.0,5.0,3.0,6.0,1.0,8.0,7.0,3.0,73.0,33.0,48.0,15.0,17.0,15.0,2.0,1.0,0.0,0.0,0.0,2.0,0.0,14.0,0.0,5.0,0.0,1.0,0.0,0.0,0.0,6.0,1.0,0.0,4.0,3.0,0.0,1.0,1.0,0.0,0.0,0.0,0.0,18.0,0.0,0.0,0.0,2.0,21.0,0.0,0.0,8.0,0.0,4.0,0.0,4.0,0.0,1.0,0.0,0.0,6.0,0.0,0.0,0.0,1.0,8.0,1.0,0.0,0.0,0.0,0.0,0.0,0.0,0.0,1.0,2.0,0.0,0.0,0.0,0.0,0.0,0.0,0.0,0.0,0.0,0.0,0.0,0.0,0.0,0.0,0.0,0.0,0.0,0.0,0.0,4.0588235294117645,0.3602941176470588,0.4338235294117647,14,0,15,12,14,0,18.0,20.0,19.214285714285715,272,34,72,12,34,2.1176470588235294,9,0.07058823529411765,0,28,1.8955223880597014,95,0.4980392156862745,12,9,3,138,7,0,0,13.333333333333334,10,1,1,3.0,0.0,2.0,0.0,4.0,3.0,11.0,6.0,4.0,0.0,1.0,1.0,9.0,8.0,0.0,1.0,3.0,2.0,1.0,4.0,0.0,15.0,10.0,7.0,3.0,3.0,4.0,1.0,1.0,10.0,1.0,1.0,12.0,10.0,7.0,7.0,6.0,4.0,1.0,2.0,8.0,1.0,2.0,2.0,5.0,5.0,1.0,17.0,9.0,9.0,1.0,1.0,7.0,3.0,0.0,5.0,9.0,0.0,0.0,0.0,0.0,5.0,3.0,0.0,0.0,1.0,0.0,0.0,0.0,1.0,0.0,1.0,1.0,0.0,4.0,1.0,1.0,0.0,0.0,0.0,1.0,0.0,0.0,0.0,0.0,4.0,5.0,0.0,2.0,2.0,0.0,1.0,0.0,0.0,1.0,7.0,0.0,0.0,4.0,3.0,2.0,1.0,2.0,0.0,1.0,3.0,0.0,0.0,1.0,2.0,0.0,3.0,1.0,0.0,0.0,4.0,1.0,1.0,0.0,4.0,0.0,0.0,0.0,0.0,0.0,1.0,1.0,3.0,0.0,2.0,2.0,0.0,0.0,0.0,1.0,0.0,0.0,0.0,1.0,1.0,1.0,0.0,1.0,1.0,1.0,1.0,0.0,3.0,1.0,2.0,0.0,1.0,0.0,0.0,0.0,1.0,0.0,0.0,0.0,0.0,0.0,0.0,0.0,0.0,0.0,0.0,0.0,0.0,2.0,0.0,0.0,3.0,0.0,0.0,0.0,0.0,0.0,1.0,0.0,0.0,0.0,1.0,0.0,1.0,0.0,1.0,1.0,1.0,1.0,0.0
The Sheep and the Goats,Mt,M,"['M', 'M (Bur)', 'M (Pan)']",26.0,43.0,2.0,65.0,38.0,28.0,29.0,3.0,23.0,21.0,9.0,0.0,1.0,18.0,4.0,14.0,0.0,0.0,19.0,13.0,2.0,2.0,0.0,6.0,3.0,5.0,8.0,6.0,13.0,5.0,16.0,3.0,6.0,4.0,4.0,5.0,6.0,13.0,6.0,12.0,11.0,35.0,0.0,3.0,2.0,1.0,0.0,20.0,0.0,0.0,3.0,49.0,9.0,37.0,6.0,8.0,47.0,13.0,34.0,9.0,2.0,10.0,109.0,80.0,58.0,50.0,30.0,50.0,33.0,33.0,46.0,25.0,15.0,3.0,3.0,24.0,8.0,8.0,3.0,8.0,4.0,8.0,9.0,6.0,78.0,15.0,60.0,9.0,6.0,8.0,0.0,0.0,0.0,0.0,0.0,4.0,0.0,12.0,0.0,5.0,0.0,0.0,0.0,0.0,0.0,16.0,4.0,0.0,5.0,3.0,0.0,3.0,2.0,0.0,0.0,0.0,8.0,27.0,0.0,1.0,1.0,0.0,28.0,0.0,0.0,0.0,0.0,0.0,0.0,3.0,0.0,0.0,0.0,0.0,7.0,1.0,0.0,0.0,2.0,9.0,0.0,0.0,0.0,0.0,0.0,0.0,0.0,0.0,0.0,0.0,0.0,0.0,0.0,0.0,0.0,0.0,0.0,0.0,0.0,0.0,0.0,0.0,0.0,0.0,0.0,0.0,0.0,0.0,0.0,4.03030303030303,0.29292929292929293,0.47474747474747475,8,0,25,8,8,0,11.68,32.111111111111114,36.75,297,33,65,11,33,2.2413793103448274,0,0.08214285714285714,0,43,1.2765957446808511,114,0.42857142857142855,11,0,2,139,6,0,0,11.666666666666666,7,0,0,0.0,0.0,2.0,2.0,0.0,3.0,6.0,6.0,4.0,0.0,0.0,0.0,4.0,4.0,0.0,3.0,4.0,0.0,3.0,8.0,0.0,17.0,20.0,5.0,8.0,8.0,2.0,4.0,6.0,8.0,1.0,3.0,4.0,7.0,6.0,3.0,2.0,2.0,0.0,0.0,2.0,0.0,0.0,2.0,19.0,5.0,5.0,21.0,9.0,9.0,0.0,0.0,12.0,2.0,1.0,2.0,0.0,3.0,0.0,2.0,1.0,5.0,2.0,3.0,0.0,0.0,0.0,2.0,7.0,1.0,0.0,1.0,0.0,0.0,1.0,3.0,2.0,0.0,0.0,0.0,0.0,0.0,2.0,0.0,5.0,4.0,2.0,0.0,0.0,2.0,1.0,0.0,0.0,0.0,3.0,2.0,1.0,2.0,4.0,0.0,0.0,0.0,4.0,2.0,0.0,6.0,2.0,2.0,1.0,0.0,0.0,5.0,2.0,0.0,0.0,1.0,0.0,0.0,0.0,1.0,0.0,0.0,0.0,0.0,1.0,0.0,0.0,10.0,0.0,0.0,0.0,0.0,0.0,0.0,2.0,0.0,0.0,0.0,0.0,0.0,4.0,0.0,0.0,0.0,0.0,1.0,0.0,1.0,0.0,2.0,0.0,0.0,0.0,0.0,0.0,0.0,0.0,0.0,0.0,0.0,0.0,0.0,0.0,0.0,0.0,0.0,0.0,0.0,2.0,0.0,0.0,0.0,0.0,1.0,0.0,0.0,0.0,0.0,0.0,1.0,0.0,0.0,0.0,0.0,0.0,0.0,0.0,0.0,0.0,1.0
